vtmId,dose,unit,vmpId
544002,2,mg,326766003
544002,5,mg,4843711000001105
796001,62.5,microgram,317895005
796001,125,microgram,317896006
796001,250,microgram,317897002
1039008,10,mg,8796611000001103
1039008,10,mg,18430611000001102
1039008,12.5,mg,36979111000001107
1039008,20,mg,36595711000001109
1039008,25,mg,20556311000001100
1039008,25,mg,22154611000001102
1039008,30,mg,28366311000001107
1039008,50,mg,326873001
1039008,75,mg,28415311000001105
1039008,75,mg,31535311000001101
1222004,200,mg,324511003
1222004,400,mg,324512005
1222004,500,mg,324523009
1389007,5,mg,11880411000001105
1389007,100,microgram,39695511000001104
1389007,200,microgram,39695611000001100
1389007,400,microgram,39695711000001109
1528001,15,mg,327587003
2190009,2,mg,323223003
2190009,5,mg,323224009
2571007,2,mg,326723005
2571007,25,mg,13961411000001100
2679000,2.5,mg,375797005
3127006,250,mg,326869004
3814009,25,mg,40087711000001105
3814009,50,mg,325332002
3814009,100,mg,40087611000001101
4194004,1,mg,371144004
4194004,2,mg,371145003
4219002,125,mg,330026007
4219002,150,mg,37281111000001101
4219002,250,mg,330027003
4219002,300,mg,37281511000001105
4937008,250,mg,39735011000001107
4937008,375,mg,36134211000001100
4937008,500,mg,39735111000001108
5737008,150,mg,324049005
5737008,150,mg,371595007
5737008,300,mg,32785511000001100
5737008,300,mg,34819711000001101
5786005,250,mg,395516007
5786005,300,mg,35148011000001104
5786005,500,mg,376905005
5975000,500,mg,20106011000001104
6067003,20,mg,39701711000001104
6102009,10,mg,330116003
6116004,50,mg,327601007
6116004,50,mg,21890311000001101
6247001,5,mg,327550006
6247001,100,microgram,327549006
6247001,150,mg,19821111000001108
6247001,400,microgram,327552003
6625006,50,mg,8799111000001103
6625006,125,mg,329232007
6625006,220,mg,329235009
7092007,12.5,mg,16632411000001109
7092007,25,mg,39992211000001108
7092007,50,mg,318475005
7092007,100,mg,318474009
7092007,200,mg,36035411000001108
7168001,500,mg,8794811000001106
7336002,50,mg,321881001
7336002,50,mg,376689003
7336002,50,mg,376689003
7336002,100,mg,321880000
7336002,100,mg,376690007
7336002,100,mg,376690007
7336002,150,mg,321877001
7336002,150,mg,4557211000001109
7561000,2,mg,325356003
7561000,4,mg,376688006
7561000,8,mg,35574111000001104
7561000,10,mg,24580511000001101
7561000,40,mg,34796811000001100
7561000,100,microgram,8792611000001104
7561000,400,microgram,31141511000001103
7561000,500,microgram,325355004
7577004,100,mg,39686211000001109
7577004,250,mg,39687511000001109
7577004,500,mg,39687811000001107
7577004,750,mg,39687011000001101
7947003,25,mg,30798211000001103
7947003,75,mg,319773006
7947003,75,mg,319775004
7947003,75,mg,319781007
7947003,75,mg,10064711000001104
7947003,100,mg,21109511000001106
7947003,300,mg,322225002
7947003,300,mg,329525004
7947003,300,mg,4558011000001103
7947003,300,mg,39695211000001102
8109005,10,mg,320803005
9500005,15,mg,321902007
9500005,15,mg,38976911000001105
9944001,4,mg,39708211000001102
10099000,50,mg,329758006
10099000,100,mg,3377811000001108
10099000,100,mg,36037011000001106
10099000,150,mg,36037211000001101
10099000,200,mg,36037311000001109
10312003,1,mg,418349006
10312003,1,mg,17872811000001100
10312003,2,mg,17873211000001107
10312003,5,mg,373994007
10312003,5,mg,17873811000001108
10312003,50,mg,374072009
10504007,20,mg,408607002
10504007,40,mg,36564611000001104
10504007,50,mg,324070004
10504007,100,mg,324059006
10504007,100,mg,421341000
10504007,100,mg,421341000
10756001,1.5,mg,321416009
10756001,5,mg,321417000
10756001,10,mg,321418005
10756001,20,mg,321419002
10756001,500,microgram,321448008
10756001,500,microgram,321451001
11796006,1,mg,322844002
11841005,10,mg,321811006
11841005,25,mg,321812004
11841005,50,mg,321813009
11841005,75,mg,321814003
11847009,250,mg,329806007
11847009,250,mg,329838002
11847009,275,mg,322299000
11847009,375,mg,36564511000001103
11847009,500,mg,329807003
11847009,500,mg,329839005
11847009,500,mg,36030111000001106
11959009,1,g,35899211000001100
11959009,250,mg,375342002
11959009,500,mg,35899311000001108
12096000,250,mg,15437411000001106
12236006,125,mg,4077911000001100
12495006,100,mg,4288611000001108
12495006,150,mg,17295911000001104
12495006,200,mg,7720511000001101
12495006,250,mg,33678811000001104
12512008,50,mg,318082004
12839006,1,mg,325505008
12839006,1,mg,325545004
12839006,2,mg,325533008
12839006,2,mg,325546003
12839006,3,mg,15473811000001104
12839006,4,mg,400795008
13414000,500,mg,39735211000001102
13432000,10,mg,38285811000001101
13432000,10,mg,39701411000001105
13432000,25,mg,38285911000001106
13432000,25,mg,39701511000001109
13432000,50,mg,34034111000001108
13512003,50,mg,39700611000001103
13512003,50,mg,39700711000001107
13512003,100,mg,36565111000001106
13512003,100,mg,39700811000001104
13512003,100,mg,39700911000001109
13565005,5,mg,317512004
13592004,500,mg,324477005
13813003,5,mg,10447211000001101
13813003,10,mg,26588011000001101
13929005,12.5,mg,39356011000001101
13929005,25,mg,318056008
13929005,50,mg,318057004
13929005,100,mg,318058009
13965000,100,mg,39107811000001107
13965000,125,mg,11146711000001104
13965000,150,mg,323008001
13965000,150,mg,11475111000001108
13965000,200,mg,322956002
13965000,200,mg,39108211000001105
13965000,250,mg,134538003
13965000,300,mg,323009009
13965000,300,mg,11475211000001102
13965000,300,mg,39108311000001102
13965000,500,mg,134537008
13965000,500,mg,322957006
13965000,500,mg,323010004
13965000,500,mg,39108411000001109
15222008,2.5,mg,318850001
15222008,5,mg,318851002
15222008,10,mg,318853004
15222008,20,mg,318855006
15383004,500,mg,323095008
15432003,1,mg,325482006
15432003,2,microgram,8794111000001104
15432003,2,microgram,11738011000001105
15432003,5,microgram,28049411000001102
15432003,10,microgram,325480003
15432003,50,microgram,325481004
15432003,50,microgram,39601811000001101
16037009,60,mg,320795003
16037009,120,mg,4558711000001101
16602005,1,mg,20455311000001102
16602005,2,mg,15436911000001101
16602005,2.5,mg,15533611000001108
16602005,2.5,mg,39934011000001101
16602005,5,mg,21496411000001103
16602005,5,mg,39934111000001100
16602005,5,mg,40103511000001102
16602005,10,mg,325373001
16602005,10,mg,40103411000001101
16602005,15,mg,39933911000001104
16602005,20,mg,325374007
16602005,20,mg,21496311000001105
16791000,250,mg,323944009
16791000,500,mg,323945005
16832004,1.25,mg,325557008
16832004,2.5,mg,428005004
16832004,300,microgram,409118006
16832004,625,microgram,325556004
16858004,4,mg,29889011000001101
16858004,10,mg,29888911000001105
16858004,40,mg,703809005
16858004,200,mg,420994005
16970001,100,mg,324908007
16977003,200,mg,39110011000001104
16977003,250,mg,321730000
16977003,400,mg,39110111000001103
16977003,450,mg,36040211000001104
17308007,50,mg,324506000
17308007,100,mg,324507009
17805003,564,mg,4559411000001104
18002004,3,mg,330041007
18381001,5,mg,318512002
18381001,15,mg,318513007
18548003,5,mg,323358004
18548003,5,mg,19448911000001107
18548003,10,mg,323353008
18548003,10,mg,36123411000001102
18548003,18,mg,36123511000001103
18548003,20,mg,323359007
18548003,20,mg,36124011000001108
18548003,20,mg,36124111000001109
18548003,27,mg,36124211000001103
18548003,30,mg,36124311000001106
18548003,36,mg,36124511000001100
18548003,40,mg,36124611000001101
18548003,50,mg,36124711000001105
18548003,54,mg,36124811000001102
18548003,60,mg,24510311000001109
19194001,125,mg,324814004
19194001,200,mg,324813005
19194001,250,mg,324812000
19194001,400,mg,324811007
19225000,1,mg,321294008
19225000,1,mg,37600511000001104
19225000,2.5,mg,321295009
19225000,2.5,mg,37600611000001100
19261005,100,mg,330084008
19261005,200,mg,330085009
19403009,15,mg,321117007
19403009,30,mg,321118002
19583005,50,mg,30797611000001100
20865003,250,mg,329612000
20865003,500,mg,329613005
22198003,2.5,mg,374173002
22198003,5,mg,317965001
22696000,10,mg,414426001
22696000,25,mg,318649003
22696000,50,mg,318650003
22969001,250,mg,324095003
24450004,100,mg,324466004
24450004,400,mg,324467008
24504000,500,mg,317499007
25076002,125,mg,330120004
25076002,350,mg,330121000
25142008,60,mg,326035004
25142008,120,mg,326034000
25246002,100,mg,330061001
25246002,300,mg,330062008
25673006,10,mg,317297007
25673006,10,mg,407846000
25673006,10,mg,39021411000001102
25673006,20,mg,317291008
25673006,20,mg,407847009
25673006,20,mg,39021511000001103
25673006,40,mg,317295004
25673006,40,mg,407848004
25673006,40,mg,39021611000001104
26124005,2.5,mg,325248003
26124005,5,mg,325243007
26458009,25,mg,320726008
26458009,50,mg,320730006
26462003,4,mg,320718000
26574002,1,mg,8793511000001105
26574002,500,microgram,8793611000001109
26736008,130,mg,14410311000001103
26736008,300,mg,327419007
26800000,7.5,mg,18600111000001101
26800000,15,mg,18600011000001102
27242001,2,mg,325411009
27242001,4,mg,325412002
27242001,16,mg,325413007
27242001,100,mg,325410005
27479000,100,mg,324765001
27479000,250,mg,324767009
27658006,250,mg,39732311000001104
27658006,500,mg,39732411000001106
27754002,10,mg,329862007
27754002,10,mg,39721011000001108
27754002,20,mg,329863002
27754002,20,mg,39721211000001103
28506006,500,mg,324662008
29175007,150,mg,324479008
29175007,300,mg,324480006
29439004,1.5,mg,15533211000001106
29439004,2,mg,8791811000001109
29439004,3,mg,20586111000001106
29439004,4,mg,8791911000001104
29439004,5,mg,11490011000001105
29439004,12.5,mg,318820009
29439004,25,mg,318821008
29439004,50,mg,318824000
29439004,50,mg,14796411000001104
29840005,50,mg,321893005
29840005,100,mg,321894004
29877002,10,mg,321908006
29896003,500,microgram,325345003
30010009,1,mg,7902511000001100
30010009,1,mg,21366111000001101
30010009,50,microgram,327545000
30010009,100,microgram,34199011000001109
30010009,500,microgram,39297211000001107
30125007,7.5,mg,317548002
30125007,12,mg,5000211000001106
30125007,15,mg,407828006
30125007,15,mg,5000311000001103
30306003,25,mg,33734411000001102
30306003,50,mg,329265004
30306003,100,mg,329266003
30306003,100,mg,7875611000001109
30317002,10,mg,39688111000001104
30427009,250,mg,324178009
30427009,250,mg,324180003
30427009,250,mg,36064711000001106
30427009,500,mg,324179001
30427009,500,mg,324181004
30466001,50,mg,325766009
30761007,5,mg,15424511000001100
30761007,10,mg,15425411000001103
30761007,20,mg,15426011000001103
30761007,40,mg,15426411000001107
31087008,250,mg,323570001
31087008,500,mg,323571002
31306009,200,mg,318317007
31306009,250,mg,35933811000001102
31306009,300,mg,22375311000001103
31684002,2,mg,322496005
31684002,8,mg,322497001
31684002,200,microgram,322498006
31684002,400,microgram,322492007
31690003,10,mg,326498008
31690003,25,mg,326499000
31865003,50,mg,324697005
31865003,150,mg,324698000
31865003,200,mg,324702001
32647002,2,mg,370211007
32792001,100,mg,324430000
32792001,200,mg,324431001
32823007,10,mg,321841008
32823007,25,mg,321842001
32823007,50,mg,321843006
32823007,75,mg,321844000
32955006,10,mg,39690811000001107
33124007,500,mg,325267004
33588000,10,mg,321530002
33588000,25,mg,321531003
33588000,50,mg,321532005
33588000,100,mg,321533000
33664007,250,mg,330601002
33664007,250,mg,35891911000001105
34364009,250,mg,329790001
34364009,500,mg,329803004
34393009,250,mg,325258004
34393009,500,mg,374078008
34693000,375,microgram,324819009
34693000,750,microgram,324818001
34816007,1,g,9261911000001107
34816007,1.05,g,11550011000001108
34816007,294,mg,9262011000001100
34816007,400,mg,9262111000001104
34816007,500,mg,9262211000001105
34816007,525,mg,24687711000001101
34816007,550,mg,9262311000001102
35035001,50,mg,39701811000001107
35063004,200,mg,324779009
35063004,200,mg,408025005
35063004,400,mg,419067003
35282000,300,mg,319966005
35282000,600,mg,319964008
35768004,2.5,mg,326561005
35768004,3,mg,326565001
35768004,5,mg,326563008
35768004,5,mg,39112111000001104
35768004,10,mg,39112211000001105
36113004,10,mg,321816001
36113004,25,mg,321817005
36391008,7.5,mg,39703011000001100
36594001,500,mg,371690008
36621009,2.5,mg,325603009
36621009,5,mg,325609008
36621009,10,mg,325601006
36621009,100,mg,327281003
36621009,200,mg,327282005
36621009,250,mg,327277003
36621009,400,mg,327283000
36621009,500,mg,327278008
36642006,15,mg,317139004
37400007,500,mg,8796511000001102
38268001,100,mg,32392411000001107
38268001,200,mg,329652003
38268001,200,mg,370195008
38268001,200,mg,4557011000001104
38268001,200,mg,14606211000001108
38268001,200,mg,19525111000001109
38268001,200,mg,36045011000001103
38268001,300,mg,36045311000001100
38268001,400,mg,329653008
38268001,400,mg,10245111000001102
38268001,400,mg,10774611000001104
38268001,400,mg,14606311000001100
38268001,600,mg,329654002
38268001,800,mg,329708004
38268001,800,mg,39110311000001101
38314008,5,mg,332405007
38314008,10,mg,375579000
38314008,20,mg,332406008
38314008,20,mg,15361911000001108
38314008,40,mg,375594001
38578004,20,mg,32749511000001106
38578004,40,mg,327287004
38578004,50,mg,15852711000001107
38578004,80,mg,36775511000001108
38578004,160,mg,327288009
39128000,10,mg,353399008
39128000,20,mg,317275005
39128000,40,mg,317276006
39359008,250,mg,323416001
39516004,200,mg,323278009
39516004,250,mg,376294009
39516004,500,mg,386090004
39608003,25,mg,322601004
39608003,50,mg,322600003
40232005,200,mg,324676009
40339003,300,mg,329145004
40556005,25,mg,322943009
40556005,50,mg,322930009
40556005,50,mg,322933006
40556005,50,mg,322944003
40556005,100,mg,322934000
40556005,100,mg,39025611000001101
40556005,300,mg,322942004
40589005,10,mg,321745007
40589005,25,mg,321746008
40589005,25,mg,35901211000001108
40589005,50,mg,321747004
40589005,50,mg,35901511000001106
40820003,100,mg,322863001
40820003,100,mg,322890005
40820003,200,mg,322864007
40820003,200,mg,322889001
40820003,200,mg,37082411000001106
40820003,400,mg,322865008
40820003,400,mg,37082511000001105
40999006,10,mg,374336007
40999006,40,mg,326760009
40999006,100,mg,374342006
41147003,2,mg,321484001
41147003,4,mg,321485000
41193000,200,mg,324726004
41193000,200,mg,39693711000001108
41193000,400,mg,324729006
41193000,400,mg,39693811000001100
41193000,800,mg,324744007
41193000,800,mg,39693911000001105
41493007,10,mg,317109009
41493007,20,mg,317108001
42082003,125,mg,324334008
42082003,250,mg,324335009
42348003,10,mg,376832004
42444000,25,mg,12425811000001103
42444000,50,mg,321347002
42444000,100,mg,321357001
42720001,1.2,g,36036011000001108
43684009,25,microgram,39418111000001100
43684009,100,microgram,374245006
43684009,200,microgram,317288008
43684009,200,microgram,28395211000001108
43684009,400,microgram,23417711000001104
43753001,10,mg,325589004
44658005,25,mg,321498009
44658005,50,mg,321499001
44790008,250,mg,322906007
44798001,3,mg,326121004
44990002,5,mg,323256002
45218006,1,mg,39688911000001101
45311002,5,mg,320203000
45311002,7.5,mg,35916411000001104
45680002,600,mg,32868711000001103
45844004,500,mg,317431008
45844004,500,mg,330040008
46009007,2,mg,326729009
46009007,5,mg,4651711000001101
46123006,1,g,7722211000001103
46123006,1,g,11611611000001107
46123006,1,g,11787211000001107
46123006,1,g,28880911000001105
46123006,1.5,g,28880811000001100
46123006,50,mg,329315005
46123006,60,mg,7968911000001109
46123006,100,mg,329316006
46123006,100,mg,7640611000001109
46123006,100,mg,11787111000001101
46123006,120,mg,10140711000001108
46123006,200,mg,329317002
46123006,250,mg,19524711000001106
46123006,300,mg,9564311000001103
46123006,500,mg,329318007
46123006,500,mg,4245011000001101
46123006,500,mg,4245111000001100
46123006,500,mg,7596511000001105
46123006,500,mg,7722311000001106
46123006,500,mg,32875511000001105
46123006,550,mg,7719511000001100
46547007,50,mg,318458004
46547007,100,mg,318445000
46547007,200,mg,318446004
46547007,400,mg,318447008
46576005,50,mg,318276009
46576005,100,mg,318277000
46576005,200,mg,11169611000001105
47120002,50,mg,375136008
47120002,50,mg,8800311000001105
47120002,250,mg,322948000
47124006,250,mg,327300003
47331002,10,mg,321365003
47331002,10,mg,20176811000001101
47331002,25,mg,321366002
47331002,50,mg,321367006
47331002,100,mg,321368001
47527007,10,mg,319745009
47527007,25,mg,319746005
47527007,50,mg,319747001
47602007,500,mg,324578003
47898004,40,mg,318204006
47898004,80,mg,318205007
47898004,120,mg,318206008
47898004,120,mg,35367911000001103
47898004,120,mg,36565011000001105
47898004,160,mg,318248001
47898004,180,mg,36149411000001103
47898004,240,mg,38750211000001107
47898004,240,mg,39021011000001106
48174005,75,mg,354011009
48174005,150,mg,317238000
48174005,150,mg,317249006
48174005,300,mg,317239008
48174005,300,mg,317251005
48174005,400,mg,317315001
48351000,100,mg,329854004
48351000,100,mg,347249002
48351000,200,mg,329855003
48546005,2,mg,321196004
48546005,5,mg,321197008
48546005,10,mg,321198003
48603004,1,mg,319733000
48603004,1,mg,32751111000001103
48603004,3,mg,319734006
48603004,3,mg,32751211000001109
48603004,4,mg,375374009
48603004,5,mg,319735007
48603004,5,mg,32751311000001101
48603004,500,microgram,319736008
49299006,5,mg,376650009
49299006,10,mg,376651008
49485009,400,mg,324621002
49577002,2.5,mg,318655008
49577002,5,mg,318656009
49577002,10,mg,318657000
50318003,100,mg,11763511000001102
50318003,200,mg,11763611000001103
50318003,200,mg,22683711000001100
50868004,5,mg,13453811000001107
50868004,5,mg,39708411000001103
50868004,10,mg,13453711000001104
50868004,10,mg,33595811000001106
50868004,15,mg,7719911000001107
50868004,20,mg,33595911000001101
51073002,10,mg,12425011000001109
51073002,15,mg,322915000
51073002,25,mg,12425111000001105
51073002,30,mg,322916004
51073002,37.5,mg,12425311000001107
51073002,50,mg,12425411000001100
51073002,60,mg,322917008
51073002,60,mg,12425511000001101
51073002,100,mg,12299311000001101
51073002,100,mg,12299411000001108
51334008,250,mg,324457003
51361008,100,mg,323133000
51361008,100,mg,375373003
51758009,5,mg,322591003
51758009,5,mg,19722711000001100
51758009,10,mg,12389411000001104
51758009,30,mg,12299811000001105
51758009,30,mg,12389811000001102
51758009,40,mg,12389911000001107
51758009,50,mg,12300211000001106
51758009,50,mg,29732211000001108
51758009,100,mg,12299111000001103
52108005,210,mg,327412003
52108005,305,mg,327409001
52108005,322,mg,327410006
52388000,1,mg,325426006
52388000,1,mg,32611811000001105
52388000,2.5,mg,325442004
52388000,2.5,mg,28808611000001100
52388000,5,mg,325427002
52388000,5,mg,325443009
52388000,5,mg,39722711000001103
52388000,10,mg,28808411000001103
52388000,20,mg,28808711000001109
52388000,25,mg,325450008
52388000,30,mg,32781411000001102
52388000,50,mg,325445002
53640004,10,mg,373959000
53640004,10,mg,373965000
53640004,20,mg,321949006
53640004,30,mg,32960811000001102
53640004,40,mg,376803002
53640004,60,mg,321954002
53641000,200,mg,326539000
53691001,1,g,329142001
53691001,500,mg,30806411000001100
53691001,600,mg,329141008
53691001,600,mg,15648011000001100
53848009,250,mg,326008008
54344006,50,mg,329648003
54344006,100,mg,329649006
54344006,200,mg,36059011000001103
54391004,25,mg,28366211000001104
54391004,50,mg,327122002
54541002,500,microgram,326124007
54544005,50,mg,12303411000001102
54544005,50,mg,39702511000001101
54705000,10,mg,321152004
54705000,20,mg,321153009
54765002,12,mg,8528911000001104
54765002,12.18,mg,14797011000001106
54765002,12.2,mg,24408211000001106
54765002,50,mg,13859511000001102
54882005,75,mg,31556111000001105
54887004,250,mg,39684111000001105
54887004,250,mg,39735311000001105
54887004,500,mg,39694811000001102
54887004,500,mg,39735911000001106
54972005,10,mg,327390008
55217007,1.25,g,329153007
55217007,1.25,g,329161002
55217007,1.25,g,329162009
55217007,1.5,g,329159006
55217007,2.5,g,329160001
55217007,166.67,mg,7719311000001106
55217007,250,mg,14780611000001102
55217007,250,mg,32695211000001106
55217007,266.6,mg,7596811000001108
55217007,300,mg,15533111000001100
55217007,300,mg,18562111000001109
55217007,400,mg,30806311000001107
55217007,420,mg,329188007
55217007,500,mg,4559611000001101
55217007,500,mg,8791711000001101
55217007,600,mg,16436111000001102
55217007,625,mg,32695411000001105
55217007,800,mg,4598211000001104
55745002,10,mg,318352004
55745002,40,mg,318353009
55745002,80,mg,318354003
55745002,80,mg,38751111000001107
55745002,160,mg,318355002
55745002,160,mg,38751211000001101
55867006,100,mg,320357005
55867006,100,mg,14608511000001107
55867006,225,mg,13663211000001104
55867006,225,mg,35900411000001103
55867006,350,mg,14608611000001106
55889005,150,mg,11499111000001101
55889005,500,mg,11498711000001109
55889005,600,mg,374594007
56059005,100,mg,324961004
56123002,1,g,371616001
56480005,12,mg,22192111000001109
56480005,12,mg,36458311000001103
56549003,5,mg,322118004
56549003,10,mg,322091008
56549003,15,mg,36035111000001103
56549003,15,mg,36035211000001109
56602009,1,g,13967911000001100
56602009,100,mg,19345811000001103
56602009,300,mg,375449005
56602009,500,mg,326991007
56928005,50,mg,326925007
56928005,100,mg,326926008
57002000,15,mg,39389311000001104
57002000,50,mg,23611711000001105
57191001,250,mg,324298007
57376006,1,g,8800111000001108
57376006,500,mg,316954000
57376006,500,mg,39495911000001109
57376006,600,mg,316953006
57376006,600,mg,8800011000001107
57538001,300,mg,34819711000001101
57811004,30,mg,39708511000001104
57811004,40,mg,39708711000001109
57811004,60,mg,39112411000001109
57811004,90,mg,39112511000001108
57811004,120,mg,39112611000001107
57893000,12.5,mg,39565011000001104
57893000,25,mg,376346007
57893000,50,mg,317935006
58883005,75,mg,324276003
58883005,150,mg,324277007
58883005,300,mg,21711211000001104
58905004,25,mg,10597211000001100
58905004,50,mg,325297007
58905004,100,mg,27888111000001100
59270007,10,mg,39699511000001101
59270007,25,mg,39699611000001102
59270007,50,mg,39699711000001106
59270007,100,mg,27985211000001107
59589008,25,mg,324913006
59941008,60,mg,39023011000001107
59941008,60,mg,39023811000001101
59941008,90,mg,39023111000001108
59941008,90,mg,39023911000001106
59941008,120,mg,39023211000001102
59941008,120,mg,39024011000001109
59941008,180,mg,39023311000001105
59941008,200,mg,39023411000001103
59941008,240,mg,39023511000001104
59941008,300,mg,39023611000001100
59941008,360,mg,39023711000001109
59953007,10,mg,35575511000001109
59953007,60,mg,333370006
59953007,180,mg,35933611000001101
60149003,25,mg,329714006
60149003,25,mg,36046611000001100
60149003,25,mg,39024911000001108
60149003,50,mg,329715007
60149003,50,mg,36046711000001109
60149003,75,mg,36046811000001101
60149003,75,mg,36046911000001106
60468008,300,mg,4623411000001107
60731009,50,mg,37799711000001108
60731009,100,mg,37799611000001104
60881009,10,mg,322522000
60881009,100,mg,12388911000001104
62782004,25,microgram,322840006
62782004,100,microgram,318667005
62782004,250,microgram,36089511000001100
62782004,300,microgram,318668000
63136007,1,mg,4245511000001109
63136007,10,mg,329402002
63136007,10,mg,22752211000001103
63136007,100,microgram,30917611000001106
63639004,1,g,36031411000001105
63639004,50,mg,319971003
63639004,50,mg,329249000
63639004,50,mg,16036711000001107
63639004,375,mg,5001711000001107
63639004,500,mg,17429711000001105
63639004,500,mg,36031511000001109
63639004,750,mg,36031611000001108
63758001,1,mg,325618005
63758001,1,mg,3508711000001106
63758001,5,mg,325611004
63758001,350,microgram,326447002
64349004,125,mg,324665005
64349004,500,mg,324666006
65026000,15,mg,320296001
65026000,30,mg,320297005
65041000,2,mg,323243009
66094001,250,mg,11388911000001103
66094001,300,mg,16101711000001103
66094001,500,mg,395519000
66261008,250,mg,39704711000001101
66261008,250,mg,39704811000001109
66261008,300,mg,34819711000001101
66493003,60,mg,35918211000001102
66493003,125,mg,320414004
66493003,125,mg,35957711000001104
66493003,175,mg,35917611000001104
66493003,200,mg,35917711000001108
66493003,250,mg,35917811000001100
66493003,250,mg,35917911000001105
66493003,300,mg,35900611000001100
66493003,300,mg,35918011000001107
66493003,400,mg,35918111000001108
66602007,2,mg,15243711000001107
66602007,5,mg,325740006
66859009,25,mg,319758005
66859009,100,mg,319759002
66859009,200,mg,39020811000001108
66971004,1,g,374076007
67939000,2,mg,134614006
67939000,3,mg,134615007
68088000,100,mg,39724211000001101
68088000,200,mg,39725211000001100
68088000,400,mg,39725711000001107
68206008,250,nanogram,329347000
68206008,500,nanogram,329348005
68887009,2.5,mg,326874007
68887009,10,mg,326875008
69107004,25,mg,330126005
69107004,100,mg,330127001
69236009,100,mg,318186003
69236009,200,mg,318187007
69708003,2,mg,322898003
69708003,500,microgram,322897008
69708003,500,microgram,17870411000001103
69879000,50,mg,327030004
69967001,1,g,317265007
70379000,1,g,8799911000001100
70379000,300,mg,8799811000001105
70379000,500,mg,8799711000001102
70379000,600,mg,8799611000001106
70379000,600,mg,38753411000001103
70864001,400,mg,321308004
71516007,1.25,mg,374509009
71516007,1.25,mg,3630011000001108
71516007,12.5,microgram,17995211000001109
71516007,125,microgram,21635711000001109
71516007,250,microgram,3630111000001109
71516007,250,microgram,34664911000001106
71584004,1.936,g,34820311000001104
71699007,1,mg,39706011000001108
71699007,2,mg,36143511000001101
71699007,5,mg,39706211000001103
71699007,10,mg,36143111000001105
71699007,15,mg,36143211000001104
71724000,150,mg,36067111000001100
71724000,160,mg,36067311000001103
71724000,200,mg,327438003
71724000,325,mg,39107411000001105
71759000,2.6,mg,36052011000001105
71759000,6.4,mg,36052711000001107
71759000,10,mg,36051611000001109
71759000,300,microgram,319384002
71759000,500,microgram,319385001
71759000,600,microgram,319386000
71798005,300,mg,39692011000001102
71798005,600,mg,329642002
72623000,10,mg,18684611000001101
72623000,40,mg,326908005
72870001,10,mg,317117001
72870001,20,mg,40389511000001108
72870001,150,microgram,348445008
72870001,300,microgram,322081002
72924009,50,mg,376085005
72924009,100,mg,324509007
73093001,500,mg,324158001
73133000,500,microgram,330079002
73454001,12.5,microgram,8792511000001103
73454001,100,microgram,325917002
73454001,200,microgram,325918007
73572009,5,mg,36127511000001108
73572009,10,mg,322708003
73572009,10,mg,36126411000001107
73572009,10,mg,36126511000001106
73572009,15,mg,36126811000001109
73572009,20,mg,322709006
73572009,20,mg,36127111000001104
73572009,30,mg,12390311000001101
73572009,30,mg,36127211000001105
73572009,30,mg,36127311000001102
73572009,50,mg,322728004
73572009,50,mg,36127411000001109
73572009,60,mg,12390411000001108
73572009,60,mg,36127611000001107
73572009,60,mg,36127711000001103
73572009,90,mg,36127811000001106
73572009,100,mg,36125811000001101
73572009,100,mg,36126211000001108
73572009,120,mg,36126611000001105
73572009,150,mg,36126711000001101
73572009,200,mg,12390211000001109
73572009,200,mg,36126911000001104
73572009,200,mg,36127011000001100
73756003,50,mg,321355009
73756003,60,mg,321358006
73756003,200,mg,3682911000001100
73949004,600,microgram,317084000
73986003,125,mg,39684511000001101
73986003,250,mg,39694611000001101
74065006,10,mg,32856811000001103
74213004,1.5,mg,39020711000001100
74213004,2.5,mg,39696211000001108
74470007,25,mg,374287008
74470007,50,mg,326731000
74771007,10,mg,318745004
74819009,250,mg,22069911000001109
75959001,10,mg,39704411000001107
75959001,20,mg,39704511000001106
75959001,40,mg,39704611000001105
76058001,1,mg,318768008
76058001,2,mg,318769000
76058001,5,mg,318770004
76058001,500,microgram,318767003
76155001,500,mg,373997000
76759004,25,mg,31141611000001104
76759004,100,mg,39690511000001109
76759004,150,mg,36070111000001109
76759004,150,mg,39690611000001108
76759004,250,mg,36070211000001103
76759004,250,mg,36070311000001106
77390008,1,mg,376816002
77390008,1,mg,376816002
77390008,2,mg,323239005
77731008,200,mg,26584211000001100
77731008,200,mg,29767111000001107
77731008,600,mg,418569002
77731008,600,mg,7968611000001103
77731008,600,mg,14158511000001104
77898008,100,mg,3973511000001105
77898008,125,mg,4623711000001101
77898008,125,mg,4623811000001109
78025001,250,mg,324783009
78025001,500,mg,324786001
78449007,5,mg,321127001
78542000,280,mg,27890511000001105
78542000,540,mg,23612011000001100
78542000,600,mg,28415411000001103
78542000,1080,mg,34448211000001102
79129001,3,mg,322143005
79129001,5,mg,322144004
79129001,25,mg,322145003
79225003,10,mg,321314006
79225003,15,mg,321315007
79332009,1,mg,327253009
79332009,5,mg,327254003
79332009,120,mg,327243008
79356008,1,mg,319740004
80024007,15,mg,330097005
80127003,50,mg,8800511000001104
80165005,10,mg,321285002
80165005,25,mg,321286001
80399002,475,mg,316937008
80399002,500,mg,316933007
80870001,2.5,mg,325218001
80870001,5,mg,325219009
80906007,10,mg,327090002
80906007,25,mg,327082002
80906007,50,mg,327085000
80906007,100,mg,327083007
81073007,50,mg,35574711000001103
81335000,50,mg,324471006
81335000,100,mg,324472004
81335000,300,mg,377060006
81583003,50,mg,327002004
81609008,20,mg,317971007
81609008,40,mg,317972000
81609008,500,mg,317973005
81728006,100,microgram,317906003
82240008,75,microgram,400430004
82240008,150,microgram,400566001
82746003,5,mg,321247000
82746003,5,mg,321249002
82746003,10,mg,321248005
82746003,10,mg,321250002
82896009,40,mg,318480001
82896009,80,mg,318481002
83288003,500,mg,324942003
83490000,200,mg,330037008
83490000,300,mg,38812411000001102
83532008,100,mg,353401002
83532008,200,mg,317222006
83532008,400,mg,317196009
83532008,400,mg,317223001
83532008,800,mg,317224007
83973001,750,mg,330129003
83973001,1500,mg,39878811000001109
83999008,250,mg,324238009
83999008,500,mg,324244008
83999008,500,mg,36142611000001107
84078002,125,mg,318671008
84078002,250,mg,318672001
84078002,500,mg,318673006
84951002,12.5,mg,4427511000001104
85272000,5,mg,319222004
85272000,10,mg,319223009
85272000,10,mg,39022711000001101
85272000,10,mg,39022911000001104
85272000,20,mg,39022511000001106
85272000,20,mg,39022811000001109
85272000,30,mg,39107511000001109
85272000,30,mg,39111711000001105
85272000,40,mg,39107611000001108
85272000,60,mg,38896511000001101
85272000,60,mg,39022611000001105
85343003,50,mg,324558006
85343003,50,mg,324570005
85343003,100,mg,324559003
85343003,100,mg,324572002
85343003,100,mg,39108511000001108
85354008,50,mg,322064006
85468002,1,mg,317967009
85591001,10,mg,318534000
85990009,15,mg,322502004
85990009,30,mg,322503009
85990009,60,mg,322504003
86131002,250,mg,318951001
86647004,1,mg,318021009
86647004,5,mg,318022002
86939001,500,mg,324426003
86977007,1,g,19533311000001107
86977007,1,g,35205211000001105
86977007,1.2,g,12777411000001104
86977007,1.6,g,37762711000001100
86977007,250,mg,317404005
86977007,400,mg,317417008
86977007,500,mg,18308511000001102
86977007,500,mg,39109811000001104
86977007,800,mg,13277611000001101
87285001,30,mg,323273000
87395005,5,mg,318052005
87567009,250,mg,39700111000001106
87617007,1,mg,16036611000001103
87617007,1.5,mg,14796911000001107
87617007,2,mg,16110111000001108
87617007,2.5,mg,32878511000001102
87617007,3,mg,11490411000001101
87617007,3.5,mg,15148211000001106
87617007,4.5,mg,8822911000001103
87617007,50,mg,323281004
87652004,25,mg,318434003
87652004,50,mg,318420003
87652004,100,mg,318421004
87881000,35,mg,19698011000001101
87881000,50,mg,374506002
87881000,50,mg,374506002
87881000,100,mg,326021001
87881000,200,mg,326020000
87881000,200,mg,38903911000001105
89029005,1,mg,36003211000001101
89029005,3,mg,39819311000001104
89029005,6,mg,9536311000001104
89029005,25,mg,321461008
89029005,50,mg,38931811000001107
89029005,100,mg,27946311000001103
89092006,10,mg,39708811000001101
89132005,200,mg,27622711000001101
89132005,250,mg,19820811000001109
89132005,250,mg,19820911000001104
89192008,30,microgram,15410611000001103
89192008,50,microgram,8794211000001105
89192008,50,microgram,36903811000001106
89192008,100,microgram,325336004
89192008,150,microgram,35574611000001107
89505005,100,mg,329887000
89505005,200,mg,329888005
89785009,10,mg,326161003
90332006,1,g,16665611000001108
90332006,500,mg,322236009
90332006,500,mg,322280009
90332006,500,mg,34878611000001106
90332006,500,mg,39720311000001101
90346006,125,mg,327004003
90356005,5,mg,39702611000001102
90426002,10,mg,321887002
90426002,25,mg,321888007
90426002,50,mg,321886006
91107009,50,mg,4559211000001103
91135008,2.5,mg,317919004
91135008,5,mg,317920005
91143003,2,mg,320106000
91143003,4,mg,39025011000001108
91143003,4,mg,39025211000001103
91143003,4,mg,39703611000001107
91143003,8,mg,35937111000001101
91143003,8,mg,39025111000001109
91143003,200,microgram,39709711000001100
91143003,400,microgram,39709811000001108
91376007,400,mg,38752511000001106
91435002,60,mg,321080004
91435002,120,mg,4615011000001105
91435002,120,mg,35933411000001104
91452003,5,mg,39734411000001104
91452003,7.5,mg,37236111000001102
91452003,10,mg,39734311000001106
91452003,15,mg,40548711000001102
91452003,30,mg,40548611000001106
91667005,12.5,mg,24594211000001108
91667005,25,mg,376209006
91667005,50,mg,376508004
96015006,250,mg,324316009
96034006,250,mg,324252006
96034006,250,mg,11034311000001100
96034006,500,mg,39733511000001103
96038009,100,mg,324712008
96049003,100,mg,323982001
96052006,200,mg,323973007
96052006,400,mg,370375008
96054007,250,mg,324003001
96054007,500,mg,324004007
96064003,200,mg,39702711000001106
96067005,250,mg,39692111000001101
96067005,500,mg,39692211000001107
96077007,408,mg,324076005
96086002,200,mg,324612003
96086002,400,mg,324620001
96087006,250,mg,39697411000001109
96087006,500,mg,324634001
96097002,125,mg,324793002
96097002,250,mg,324792007
96097002,500,mg,324797001
96097002,750,mg,324795009
96119002,200,mg,11499811000001108
96119002,400,mg,7719011000001108
96119002,400,mg,20528411000001107
96138006,3,mg,376585004
96138006,6,mg,376738008
96138006,15,mg,36774911000001100
96191003,5,mg,322514007
96191003,10,mg,322515008
96195007,25,mg,322985008
96195007,25,mg,322991005
96195007,50,mg,322981004
96195007,100,mg,322982006
96195007,100,mg,322992003
96195007,200,mg,322994002
96199001,150,mg,35914111000001102
96200003,10,mg,321846003
96200003,20,mg,321847007
96200003,30,mg,321848002
96209002,10,mg,321785001
96209002,25,mg,321786000
96209002,50,mg,321787009
96209002,75,mg,36089111000001109
96213009,50,mg,321945000
96213009,100,mg,321947008
96221003,25,mg,321573006
96221003,50,mg,418754000
96221003,100,mg,321574000
96221003,200,mg,15506211000001109
96231005,5,mg,321183000
96231005,10,mg,321184006
96233008,1,mg,321123002
96233008,500,microgram,321122007
96234002,3,mg,321246009
96236000,2.5,mg,8792211000001101
96236000,10,mg,321272000
96237009,1,mg,321112001
96298001,25,mg,19699111000001107
96298001,50,mg,318299008
96298001,100,mg,21394911000001108
96298001,100,mg,35575211000001106
96298001,360,mg,36035811000001105
96299009,20,mg,318483004
96299009,40,mg,318484005
96299009,80,mg,318485006
96299009,160,mg,36023011000001102
96300001,150,mg,318334004
96300001,300,mg,318335003
96301002,40,mg,318525005
96301002,80,mg,318526006
96301002,160,mg,318528007
96301002,200,mg,318527002
96304005,10,mg,319996000
96304005,20,mg,319997009
96304005,40,mg,320000009
96304005,80,mg,320006003
96305006,10,mg,320012008
96305006,20,mg,320013003
96305006,40,mg,320014009
96307003,20,mg,39693011000001106
96307003,40,mg,39693111000001107
96307003,80,mg,36566411000001105
96309000,12.5,mg,15148111000001100
96309000,25,mg,318955005
96309000,50,mg,318956006
96309000,100,mg,407784004
96370002,2,mg,13466611000001106
96370002,10,mg,13466511000001107
96370002,50,mg,327311006
96370002,100,mg,327310007
96371003,250,mg,327355000
96378009,60,mg,327375009
96380003,2.5,mg,326022008
108373009,10,mg,39704211000001108
108373009,15,mg,39704311000001100
108386000,1,mg,321589009
108386000,2,mg,321590000
108386000,3,mg,321591001
108386000,4,mg,321592008
108386000,6,mg,321599004
108386000,250,microgram,38696711000001103
108386000,500,microgram,321602009
108400009,15,mg,35919911000001103
108400009,25,mg,323029005
108400009,25,mg,35920011000001101
108400009,50,mg,323023006
108400009,50,mg,35920111000001100
108400009,100,mg,323024000
108400009,200,mg,323025004
108402001,100,mg,323013002
108402001,300,mg,323014008
108402001,400,mg,323015009
108402001,600,mg,323021008
108402001,800,mg,323022001
108403006,5,mg,39705111000001103
108403006,10,mg,39704911000001104
108403006,15,mg,39705011000001104
108406003,2.5,mg,322825009
108406003,5,mg,374041005
108408002,2.5,mg,322827001
108411001,5,mg,322829003
108411001,10,mg,322830008
108415005,2.5,mg,375182000
108418007,4,mg,322173001
108418007,4,mg,116381000001102
108418007,8,mg,116391000001100
108418007,8,mg,39701611000001108
108421009,50,mg,408071003
108421009,200,mg,408072005
108424001,1,mg,322193009
108424001,2,mg,322199008
108430001,2,mg,8797211000001103
108430001,4,mg,8797411000001104
108430001,15,mg,375193003
108430001,15,mg,375194009
108430001,30,mg,321998002
108430001,30,mg,375195005
108430001,45,mg,375196006
108430001,45,mg,5627911000001100
108432009,37.5,mg,18765111000001101
108432009,37.5,mg,23560511000001101
108432009,37.5,mg,39707611000001104
108432009,50,mg,39707311000001109
108432009,75,mg,14985011000001107
108432009,75,mg,38750311000001104
108432009,75,mg,39707411000001102
108432009,150,mg,14984911000001107
108432009,150,mg,38750411000001106
108432009,225,mg,15439111000001107
108432009,225,mg,31016011000001103
108432009,300,mg,38003311000001102
108435006,50,mg,376658002
108435006,100,mg,321980001
108435006,200,mg,321981002
108438008,1,mg,376769007
108438008,2,mg,321490002
108438008,4,mg,321491003
108441004,2.5,mg,321618003
108441004,5,mg,321612002
108441004,5,mg,19627011000001107
108441004,7.5,mg,321613007
108441004,10,mg,321614001
108441004,10,mg,19626711000001106
108441004,15,mg,376807001
108441004,15,mg,19626811000001103
108441004,20,mg,374054003
108441004,20,mg,19626911000001108
108443001,25,mg,321624009
108443001,50,mg,14042811000001105
108443001,100,mg,321625005
108443001,150,mg,17828611000001101
108443001,150,mg,39703111000001104
108443001,200,mg,321626006
108443001,200,mg,426802009
108443001,300,mg,426401009
108443001,300,mg,429830008
108443001,400,mg,426954000
108443001,600,mg,39027411000001105
108461005,2,mg,330135003
108461005,4,mg,330136002
108461005,12,mg,11388511000001105
108464002,100,mg,375993004
108466000,1.25,mg,323155008
108466000,5,mg,323158005
108466000,10,mg,323157000
108468004,1,mg,39702211000001104
108468004,50,microgram,39702411000001100
108468004,250,microgram,39702311000001107
108471007,1.05,mg,16174511000001101
108471007,1.57,mg,18045411000001101
108471007,2.1,mg,16174611000001102
108471007,2.62,mg,18045511000001102
108471007,3.15,mg,16174811000001103
108471007,88,microgram,323208008
108471007,180,microgram,323209000
108471007,260,microgram,16174711000001106
108471007,350,microgram,13133011000001101
108471007,520,microgram,16174911000001108
108471007,700,microgram,323210005
108473005,1,mg,323184004
108473005,2,mg,323185003
108473005,2,mg,13639711000001102
108473005,3,mg,29184311000001107
108473005,4,mg,13639811000001105
108473005,5,mg,323186002
108473005,6,mg,29184411000001100
108473005,8,mg,13639911000001100
108473005,250,microgram,323183005
108473005,500,microgram,3897811000001100
108497001,5,mg,323364006
108497001,5,mg,20346811000001109
108497001,10,mg,323365007
108497001,10,mg,20346711000001101
108507005,50,mg,322623000
108507005,50,mg,12037411000001103
108507005,50,mg,35940111000001103
108507005,75,mg,35921211000001100
108507005,100,mg,35920211000001106
108507005,100,mg,35920311000001103
108507005,150,mg,35920511000001109
108507005,150,mg,35920611000001108
108507005,200,mg,35920711000001104
108507005,200,mg,35920811000001107
108507005,300,mg,35920911000001102
108507005,400,mg,35921011000001105
108508000,500,mg,329910006
108510003,200,mg,329616002
108510003,300,mg,329620003
108510003,600,mg,39109711000001107
108512006,10,mg,39696811000001109
108524004,10,mg,36031811000001107
108524004,20,mg,36031911000001102
108524004,30,mg,36032011000001109
108526002,20,mg,319217004
108526002,30,mg,319218009
108526002,30,mg,39021711000001108
108526002,45,mg,39021811000001100
108533002,2.5,mg,319280009
108535009,2.5,mg,39020311000001104
108535009,5,mg,39020611000001109
108535009,10,mg,39020511000001105
108537001,2.5,mg,429828006
108537001,2.5,mg,429828006
108537001,5,mg,39732011000001102
108537001,10,mg,39731911000001109
108539003,2.5,mg,375785009
108539003,5,mg,375426008
108539003,10,mg,39879111000001109
108547003,1.25,mg,318604001
108547003,2.5,mg,318605000
108547003,3.75,mg,318606004
108547003,5,mg,318590006
108547003,7.5,mg,318607008
108547003,10,mg,318591005
108551001,3.125,mg,318633000
108551001,6.25,mg,318635007
108551001,12.5,mg,318631003
108551001,25,mg,318632005
108553003,1,mg,31087611000001109
108553003,1,mg,39693311000001109
108553003,2,mg,31087711000001100
108553003,2,mg,36978811000001107
108553003,3,mg,31087811000001108
108553003,4,mg,31087911000001103
108556006,1,mg,318781001
108556006,2,mg,318782008
108556006,4,mg,318783003
108556006,4,mg,14013011000001104
108556006,4,mg,39020411000001106
108556006,8,mg,1155964008
108556006,8,mg,39021111000001107
108559004,400,microgram,9484411000001101
108559004,400,microgram,38754011000001109
108562001,1,mg,318925003
108562001,2,mg,318926002
108562001,4,mg,410958005
108562001,500,microgram,318924004
108564000,1.25,mg,318900007
108564000,1.25,mg,408040007
108564000,2.5,mg,318901006
108564000,2.5,mg,408050008
108564000,5,mg,318902004
108564000,5,mg,408051007
108564000,10,mg,318906001
108564000,10,mg,408052000
108566003,7.5,mg,318934008
108566003,15,mg,318935009
108569005,10,mg,318909008
108569005,20,mg,318910003
108575001,2.5,mg,318857003
108575001,5,mg,318858008
108575001,10,mg,318859000
108575001,20,mg,318860005
108578004,5,mg,318885001
108578004,10,mg,318886000
108578004,20,mg,318887009
108578004,40,mg,318894007
108581009,40,mg,318961008
108581009,40,mg,416515008
108581009,80,mg,318962001
108581009,80,mg,375034009
108581009,160,mg,318963006
108581009,160,mg,375035005
108581009,320,mg,376487009
108585000,75,mg,318968002
108585000,150,mg,318969005
108585000,300,mg,318970006
108587008,2,mg,318977009
108587008,4,mg,318978004
108587008,8,mg,318979007
108587008,16,mg,318980005
108587008,32,mg,376998003
108596008,100,microgram,320035006
108596008,200,microgram,320036007
108596008,300,microgram,320037003
108596008,400,microgram,320041004
108596008,800,microgram,134491009
108600003,10,mg,39695411000001103
108600003,20,mg,39733011000001106
108600003,30,mg,20528511000001106
108600003,40,mg,39733111000001107
108600003,60,mg,20528611000001105
108600003,80,mg,39733211000001101
108603001,67,mg,319990006
108603001,160,mg,319994002
108603001,200,mg,319988005
108603001,200,mg,9843611000001100
108603001,267,mg,319992003
108614003,20,mg,320889007
108622005,3,mg,317446001
108622005,3,mg,35912611000001102
108622005,9,mg,29094911000001100
108622005,200,microgram,3432911000001109
108622005,400,microgram,3433011000001101
108624006,40,microgram,39717411000001100
108650005,30,mg,371748006
108650005,120,mg,320826003
108650005,180,mg,320828002
108652002,10,mg,320822001
108655000,10,mg,320818006
108655000,10,mg,20344911000001107
108664005,150,mg,317280001
108664005,300,mg,317281002
108666007,15,mg,317310006
108666007,15,mg,4053411000001103
108666007,30,mg,317309001
108666007,30,mg,4053511000001104
108669000,150,mg,317800005
108669000,250,mg,317801009
108669000,250,mg,33620111000001108
108669000,300,mg,317796004
108669000,500,mg,22155311000001106
108673002,250,mg,317435004
108673002,500,mg,317437007
108684009,150,mg,324504002
108690008,15,mg,324831006
108690008,20,mg,324833009
108690008,30,mg,324835002
108690008,40,mg,324837005
108693005,100,mg,324841009
108693005,100,mg,17175011000001109
108695003,100,mg,39696411000001107
108695003,200,mg,324850006
108695003,333,mg,324856000
108695003,400,mg,324852003
108698001,100,mg,324829002
108698001,150,mg,324823001
108698001,300,mg,407791001
108700005,200,mg,324847008
108700005,200,mg,422836001
108700005,500,mg,39703711000001103
108704001,50,mg,19608511000001106
108704001,100,mg,19608411000001107
108704001,200,mg,324862005
108704001,400,mg,449001007
108706004,250,mg,324866008
108706004,625,mg,39701311000001103
108720006,500,mg,21258811000001107
108761006,150,mg,134623009
108761006,300,mg,24407611000001109
108761006,500,mg,134622004
108763009,10,mg,134633001
108766001,50,mg,327366007
108766001,150,mg,327368008
108768000,140,mg,326747003
108774000,1,mg,327373002
108777007,2.5,mg,327377001
108779005,1,mg,39705611000001106
108779005,250,microgram,39705711000001102
108786002,5,mg,326827003
108786002,10,mg,326828008
108786002,25,mg,326829000
108792008,20,mg,9526911000001101
108792008,30,mg,9527011000001102
108792008,80,mg,15518611000001109
108800000,10,mg,34796711000001108
108821000,400,mg,327053003
108821000,600,mg,327054009
108914001,10,mg,332211008
108914001,25,mg,332213006
108925005,250,mg,324718007
108952000,50,mg,13573711000001106
108952000,500,mg,321941009
108952000,500,mg,21781311000001109
108956002,250,mg,323351005
108956002,500,mg,10158211000001100
108971003,250,mg,319801001
108976008,500,microgram,39732811000001108
108979001,75,mg,39689111000001106
108979001,300,mg,429540001
109006003,500,mg,319861004
109032009,1.5,mg,414606006
109032009,30,microgram,326425002
109032009,750,microgram,326430003
109033004,30,mg,7503511000001104
109033004,40,mg,325718002
109035006,1,mg,376675008
109035006,5,mg,325728006
109074004,1,mg,326048000
109074004,2,mg,326049008
109074004,500,microgram,326047005
109077006,50,mg,326037007
109077006,100,mg,326038002
109079009,1,mg,325261003
109079009,2,mg,325259007
109079009,3,mg,325262005
109079009,4,mg,325263000
109081006,1,g,38893711000001104
109081006,1,g,39461411000001102
109081006,500,mg,325278007
109081006,500,mg,39113511000001101
109081006,750,mg,38893811000001107
109081006,850,mg,325279004
109081006,850,mg,8796711000001107
109102003,150,mg,37085711000001109
109102003,250,mg,33749711000001105
109102003,300,mg,39705911000001100
109109007,25,mg,30738211000001108
109109007,50,mg,329468000
109109007,75,mg,30738311000001100
109109007,150,mg,329469008
109113000,1,mg,326553000
109113000,2,mg,326554006
109113000,2,mg,22226311000001102
109113000,4,mg,14608411000001108
109123009,20,mg,419015002
109123009,25,mg,326713001
109123009,50,mg,326714007
109123009,100,mg,326715008
109129008,1,mg,327096008
109129008,1,mg,11649511000001103
109129008,1,mg,28808811000001101
109129008,2,mg,28947611000001104
109129008,2,mg,37949111000001107
109129008,3,mg,15614511000001109
109129008,4,mg,28808911000001106
109129008,5,mg,327097004
109129008,5,mg,11649711000001108
109129008,500,microgram,327103006
109129008,500,microgram,11649611000001104
109129008,750,microgram,28809011000001102
109129008,750,microgram,28947711000001108
109139002,1,mg,323192008
109139002,2,mg,323193003
109139002,4,mg,323194009
109139002,500,microgram,326064008
109141001,50,mg,323361003
109143003,10,mg,330057007
109143003,15,mg,24408011000001101
109143003,20,mg,330058002
109143003,100,mg,330059005
111127002,250,microgram,321241004
111127002,500,microgram,321242006
111150008,5,mg,8792411000001102
111150008,25,mg,325349009
111154004,100,mg,325213005
111154004,250,mg,325214004
111165009,5,mg,8791511000001106
111165009,10,mg,8791311000001100
111165009,25,mg,327071005
111165009,30,mg,8791411000001107
111165009,50,mg,327070006
116074007,75,microgram,400419002
116076009,1,g,323053004
116076009,250,mg,323055006
116076009,500,mg,323054005
116076009,750,mg,375396003
116078005,50,mg,324875005
116078005,100,mg,324876006
116078005,200,mg,324877002
116078005,600,mg,395518008
116082007,100,mg,323385006
116082007,200,mg,407861004
116084008,300,mg,39723211000001104
116088006,50,mg,134570003
116088006,150,mg,134568007
116093009,27,mg,19822011000001104
116093009,60,mg,426638000
116093009,120,mg,317893003
116095002,12.5,mg,330162006
116095002,25,mg,330163001
116095002,50,mg,388930005
116099008,5,mg,327042009
116099008,20,mg,327043004
116099008,100,mg,327044005
116099008,140,mg,12564211000001102
116099008,180,mg,12564311000001105
116099008,250,mg,327045006
116104009,5,mg,321190005
116104009,10,mg,321191009
116109004,1,mg,395278001
116109004,2,mg,408155001
116109004,500,microgram,18430811000001103
116115004,25,mg,327384009
116116003,200,mg,323202009
116118002,1,g,329193005
116118002,475,mg,18615211000001100
116118002,500,mg,7820711000001109
116118002,660,mg,18767011000001109
116118002,667,mg,371245005
116118002,950,mg,18615311000001108
116346006,75,mg,374872005
116511002,150,mg,323046008
116511002,300,mg,323047004
116511002,600,mg,323048009
116523008,1,mg,7720811000001103
116523008,1,mg,7875811000001108
116523008,1,mg,36811611000001101
116523008,2,mg,8025411000001104
116523008,2,mg,11490311000001108
116523008,2,mg,15914311000001102
116523008,2,mg,28772811000001108
116523008,2.5,mg,7821111000001102
116523008,2.5,mg,35839411000001109
116523008,3,mg,7821311000001100
116523008,3,mg,7821411000001107
116523008,3,mg,7877711000001106
116523008,3,mg,23676011000001107
116523008,3,mg,30104111000001109
116523008,4,mg,14576911000001100
116523008,4,mg,34447811000001100
116523008,5,mg,7875911000001103
116523008,5,mg,15914411000001109
116523008,5,mg,36811911000001107
116523008,6,mg,15649311000001108
116523008,6,mg,35575011000001101
116523008,6,mg,36904511000001106
116523008,7,mg,34378011000001101
116523008,7.5,mg,32749711000001101
116523008,8,mg,29670011000001106
116523008,9,mg,36904611000001105
116523008,10,mg,7720711000001106
116523008,10,mg,34377911000001103
116523008,20,mg,7821211000001108
116523008,500,microgram,7821511000001106
116523008,500,microgram,8027211000001106
116578002,1,mg,325476008
116578002,6,mg,325472005
116578002,30,mg,325474006
116656002,1,mg,325992007
116656002,2.5,mg,325989008
116656002,5,mg,325993002
116656002,10,mg,325991000
116726003,2,mg,317377000
116726003,2,mg,317378005
125694008,7.5,mg,329927003
125694008,15,mg,329928008
125695009,600,mg,134561001
126166005,25,mg,325687008
126233000,1,microgram,419367007
126233000,2,microgram,419681000
126233000,4,microgram,418927005
129483007,200,mg,326146004
129484001,1,mg,3909211000001103
129484001,2,mg,318779003
129484001,5,mg,318776005
129484001,10,mg,318777001
129487008,20,mg,134463001
129487008,40,mg,318986004
129487008,80,mg,318987008
134506008,5,mg,134508009
134529000,12.5,mg,39731611000001103
134604002,60,mg,134610002
134604002,120,mg,134609007
134604002,180,mg,134608004
135748009,85,mg,135749001
317317009,20,mg,317322009
317317009,40,mg,317318004
317331009,20,mg,317335000
317331009,20,mg,17631311000001107
317331009,40,mg,317334001
317331009,40,mg,17631411000001100
317558003,2.5,mg,135908006
317849003,20,mg,8029611000001103
317938008,500,microgram,317940003
317968004,20,mg,317970008
318034005,2.5,mg,318040003
318034005,5,mg,318041004
318034005,10,mg,318042006
318638009,1.25,mg,38659211000001107
318638009,2.5,mg,39701111000001100
318638009,5,mg,39701211000001106
318638009,10,mg,39701011000001101
318706009,200,microgram,318707000
318706009,300,microgram,408604009
318706009,400,microgram,318708005
318913001,1,mg,39685211000001103
318913001,2.5,mg,39685311000001106
318913001,5,mg,39685911000001107
318913001,500,microgram,39686011000001104
318990002,300,mg,318994006
318990002,400,mg,318995007
318990002,600,mg,318996008
319299000,2,mg,319300008
319299000,4,mg,319301007
319299000,6,mg,38019311000001102
319304004,10,mg,319305003
319304004,20,mg,319306002
319442006,40,mg,3678211000001103
319848004,500,mg,319855002
319937007,200,mg,319940007
319937007,400,mg,39020211000001107
319982006,250,mg,319984007
320016006,100,mg,320018007
320813002,8,mg,320814008
320830000,10,mg,39108011000001100
320883008,4,mg,134510006
320883008,5,mg,320885001
320883008,10,mg,320884002
321119005,1,mg,39699311000001107
321174005,3.75,mg,321177003
321174005,7.5,mg,321175006
321391002,250,microgram,321393004
321467007,2.5,mg,321473008
321467007,10,mg,321474002
321506004,200,mg,321514005
321506004,400,mg,321512009
321603004,4,mg,4748511000001107
321603004,12,mg,4748211000001109
321603004,16,mg,4748311000001101
321603004,20,mg,4748411000001108
321636003,50,mg,321637007
321636003,100,mg,400645002
321636003,200,mg,321638002
321636003,400,mg,134517009
321641006,25,mg,321642004
321641006,50,mg,321643009
321641006,100,mg,321644003
321831005,70,mg,39699211000001104
321911007,150,mg,321913005
321911007,300,mg,321915003
321958004,12.5,mg,36905311000001101
321958004,25,mg,39134011000001104
321958004,50,mg,39704111000001102
321958004,100,mg,39704011000001103
321963000,10,mg,39701911000001102
321963000,20,mg,321964006
321963000,30,mg,321966008
321963000,40,mg,422084009
321986007,10,mg,321989000
321986007,20,mg,321987003
321986007,40,mg,321991008
321995004,4,mg,39703311000001102
322124005,1,mg,322126007
322124005,2,mg,408068006
322124005,250,microgram,408070002
322124005,500,microgram,408069003
322201005,5,mg,39706311000001106
322817007,200,mg,322820004
322822007,50,mg,322815004
322822007,100,mg,322809004
322976008,500,mg,322977004
322998004,1.2,g,323003005
322998004,800,mg,323002000
323260004,12.5,mg,14742911000001102
323260004,25,mg,323264008
323368009,1.5,mg,323369001
323368009,3,mg,323370000
323368009,4.5,mg,323371001
323368009,6,mg,323372008
323377002,4,mg,323381002
323377002,8,mg,323382009
323377002,8,mg,9306011000001105
323377002,12,mg,323383004
323377002,16,mg,9305811000001107
323377002,24,mg,9305911000001102
324550004,500,mg,324554008
324757004,500,mg,324759001
324820003,250,mg,10688211000001106
324820003,500,mg,324821004
325238000,30,mg,38896211000001104
325238000,40,mg,16702011000001102
325238000,60,mg,22226111000001104
325238000,80,mg,325242002
325238000,160,mg,36914911000001102
325249006,30,mg,325251005
325325006,2.5,mg,8802011000001106
325325006,5,mg,325329000
325325006,10,mg,35298211000001100
325325006,15,mg,35298311000001108
325325006,20,mg,325328008
325567003,2.5,mg,325568008
326053005,4,mg,326057006
326053005,8,mg,326056002
326058001,15,mg,326062007
326058001,30,mg,326061000
326058001,45,mg,374897009
326066005,25,microgram,4195611000001103
326066005,50,microgram,4195711000001107
326066005,75,microgram,39703211000001105
326274003,200,mg,18172111000001108
326274003,600,mg,18172211000001102
326289007,1,g,27945211000001100
326774002,250,mg,326775001
329195003,400,mg,376652001
329195003,400,mg,376652001
329195003,800,mg,18291211000001101
329199009,1.1,mg,329216009
329199009,2.2,mg,329217000
329199009,20,mg,8799511000001107
329260009,10,mg,23416911000001100
329260009,40,mg,11034611000001105
329260009,50,mg,4289111000001107
329260009,50,mg,18684511000001100
329260009,100,mg,7903811000001105
329260009,100,mg,8800211000001102
329260009,100,mg,22192411000001104
329290002,500,mg,329294006
329290002,500,mg,329295007
329325000,1,microgram,329332009
329325000,250,nanogram,329331002
329325000,500,nanogram,329344007
329482000,1,g,19274211000001107
329482000,400,mg,14743011000001105
329482000,500,mg,329484004
329486002,1,g,17293611000001106
329486002,250,mg,11589211000001100
329486002,330,mg,17293711000001102
329486002,500,mg,11945511000001100
329507006,9,mg,22374811000001106
329507006,15,mg,4262811000001107
329507006,25,mg,10221311000001100
329507006,25,mg,27437511000001108
329507006,30,mg,31735611000001107
329507006,30,mg,34769011000001102
329509009,180,mg,21202011000001107
329517001,1,g,29717311000001108
329543000,300,mg,329546008
329543000,600,mg,329547004
329623001,300,mg,329630007
329623001,300,mg,329631006
329623001,450,mg,329636001
329889002,200,mg,329895001
329889002,300,mg,329896000
329889002,300,mg,35918311000001105
329906008,60,mg,329907004
329913008,20,mg,329914002
329923004,100,mg,329925006
329961001,25,mg,39690211000001106
333847008,40,mg,35541011000001104
346349006,300,mg,35021111000001104
346359007,100,mg,321362000
346441008,998,mg,40289911000001109
346464005,500,mg,13466911000001100
349802000,25,mg,17663011000001103
349802000,50,mg,16197511000001104
349802000,100,mg,17662911000001106
349818006,60,mg,317148009
349818006,120,mg,317145007
349819003,100,mg,317156007
349819003,135,mg,317161009
349819003,200,mg,39107911000001102
349856007,25,mg,321805008
349856007,75,mg,321806009
349883008,10,mg,321465004
349883008,40,mg,321466003
349894007,200,microgram,39699111000001105
349900007,20,mg,318443007
349901006,200,mg,318619000
349901006,400,mg,318622003
349912006,2.5,mg,326517002
349912006,5,mg,4558111000001102
349912006,10,mg,38897311000001105
349913001,20,mg,39696511000001106
349913001,25,mg,39696711000001101
349923005,10,mg,320258002
349923005,20,mg,320259005
349934008,200,microgram,323340005
349943004,5,mg,39690711000001104
349958007,15,mg,322061003
349958007,75,mg,319417002
349963006,1.5,mg,322850007
349963006,500,microgram,322849007
349993000,100,mg,4262711000001104
350057002,50,microgram,7721411000001109
350057002,100,microgram,7721311000001102
350057002,200,microgram,7566211000001105
350057002,200,microgram,10328611000001109
350225009,50,mg,32878311000001108
350225009,100,mg,39700311000001108
350274005,10,mg,32615611000001109
350324006,30,mg,322303005
350358003,2.5,microgram,14014611000001109
350358003,5,microgram,374708004
350358003,5,microgram,40484111000001106
350358003,10,microgram,14984111000001109
350358003,10,microgram,34665211000001101
350358003,20,microgram,325315001
350358003,20,microgram,40484011000001105
350358003,25,microgram,374709007
350358003,50,microgram,35839811000001106
350547008,10,mg,35575111000001100
350547008,10,mg,39700211000001100
350558004,830,mg,329165006
350602000,10,mg,318724006
350622001,1.5,mg,36090311000001101
350622001,4.5,mg,36090411000001108
350627007,100,mg,319477006
350631001,8,mg,39733711000001108
350631001,16,mg,39733611000001104
350631001,24,mg,39818211000001102
354038002,1,mg,39696911000001104
354038002,1,mg,39697111000001104
354039005,192,mg,321104009
354049008,100,mg,39732611000001109
354050008,1,mg,325550005
354055003,200,mg,39700411000001101
354058001,750,mg,329532008
356862006,10,mg,319316005
356862006,20,mg,10225911000001102
359380005,20,mg,326559001
359380005,60,mg,428011001
370187009,100,mg,330170001
370187009,200,mg,330169002
370187009,400,mg,425685004
370310006,100,mg,374275001
370310006,100,mg,374275001
370323004,250,mg,375882002
370323004,250,mg,17646511000001106
371296007,400,mg,408015000
371349001,7.5,mg,321276002
371349001,15,mg,321277006
371387009,400,mg,374699005
371387009,600,mg,374700006
371400009,500,mg,324411000
373389002,20,mg,375160007
373389002,40,mg,18172311000001105
373389002,60,mg,375162004
373389002,80,mg,19525911000001107
385540001,10,mg,408055003
385540001,20,mg,385542009
385540001,40,mg,385543004
385558007,62.5,mg,39734011000001108
385558007,125,mg,39733911000001105
385570006,500,microgram,4367811000001102
385583007,10,mg,385585000
385583007,20,mg,385586004
385583007,40,mg,408146004
385997009,2,mg,386020005
385997009,5,mg,386021009
385997009,10,mg,386022002
385997009,20,mg,30781211000001106
386024001,40,mg,376839008
386107009,25,mg,375394000
386116008,50,mg,386117004
386116008,100,mg,36866311000001102
386116008,200,mg,386118009
386142008,30,mg,13113211000001104
386142008,45,mg,13113111000001105
386142008,75,mg,407824008
386155009,100,mg,374135001
386155009,200,mg,375831000
386180009,600,mg,376345006
386184000,600,mg,36053211000001106
386187007,150,mg,375618007
386187007,300,mg,376656003
391595003,5,mg,408616003
391634008,100,mg,39695811000001101
391634008,100,mg,39696011000001103
391634008,400,mg,39695911000001106
391634008,400,mg,39696111000001102
391655005,4,mg,408601001
391655005,8,mg,408602008
392658005,125,microgram,392659002
392658005,250,microgram,392660007
392658005,500,microgram,375574005
395239000,50,mg,375254004
395239000,100,mg,375252000
395246009,5,mg,409150001
395246009,10,mg,407915000
395246009,20,mg,408067001
395255007,20,mg,407788001
395255007,40,mg,407789009
395260006,400,mg,407790000
395266000,450,mg,407917008
395271007,50,mg,39693511000001103
395271007,150,mg,9553111000001105
395292007,30,mg,13132911000001109
395292007,60,mg,407907003
395292007,90,mg,407908008
395292007,120,mg,407909000
397224000,100,mg,374507006
397224000,200,mg,29716411000001103
397224000,300,mg,22781711000001109
397225004,100,mg,375290006
397225004,250,mg,20556511000001106
398628008,200,mg,10633711000001101
398628008,300,mg,3818011000001108
398628008,300,mg,22437011000001103
398674007,5,mg,4246511000001102
398685009,250,mg,407101003
398690007,80,mg,409208006
398690007,125,mg,409209003
398699008,25,mg,407011007
398699008,50,mg,407012000
398718007,50,mg,13962611000001108
398718007,400,mg,13963411000001101
398718007,500,mg,9056511000001106
398718007,500,mg,19977811000001103
398762003,25,mg,417050003
398762003,50,mg,417678003
398762003,100,mg,410930002
398971002,15,mg,9864811000001108
400389005,60,mg,21134911000001108
400389005,65,mg,410887007
400389005,100,mg,10647211000001103
400389005,300,mg,23676111000001108
400526000,10,mg,377042006
400526000,10,mg,11395011000001109
404851001,500,microgram,20146411000001104
404855005,200,mg,409211007
404864000,5,mg,376809003
404865004,500,mg,374369007
404868002,250,mg,319451003
404877009,50,mg,375326009
404878004,25,mg,10193111000001107
404878004,50,mg,376255008
404878004,50,mg,10193511000001103
404878004,100,mg,10194111000001109
406457005,5,mg,409214004
406457005,10,mg,407837006
406457005,15,mg,14159711000001100
406457005,20,mg,13939111000001104
406785006,5,mg,406786007
406785006,10,mg,406787003
406785006,15,mg,406788008
406785006,30,mg,406790009
407018001,700,mg,39693211000001101
407031006,5,mg,415557006
407031006,10,mg,415556002
407033009,20,mg,8013111000001100
407033009,30,mg,417231005
407033009,40,mg,8013211000001106
407033009,60,mg,416946001
407033009,90,mg,39964811000001101
407033009,120,mg,39964711000001109
407038000,10,mg,407040005
407038000,18,mg,407041009
407038000,25,mg,407042002
407038000,40,mg,407043007
407038000,60,mg,407044001
407038000,80,mg,420189009
407038000,100,mg,419897007
407149009,500,mg,414851008
407730002,18,microgram,9478911000001107
407734006,2.5,mg,15098011000001101
407734006,5,mg,422044000
407734006,10,mg,407857005
407734006,20,mg,407858000
407979001,5,mg,39706811000001102
407979001,10,mg,39706511000001100
407979001,20,mg,39706711000001105
408041006,10,mg,408060004
408044003,100,mg,408152003
408112000,250,mg,408149006
408112000,300,mg,36775411000001109
409331009,180,mg,8076911000001104
409331009,250,mg,327104000
409331009,360,mg,8077011000001100
409331009,500,mg,327106003
409391006,30,mg,409393009
409391006,60,mg,409394003
409391006,90,mg,409395002
409488005,10,mg,14062711000001106
409488005,30,mg,14062811000001103
410831004,150,mg,370329000
411314009,1,g,17293511000001107
412073001,10,mg,408085008
412130008,10,mg,7595811000001100
412130008,30,mg,4252911000001107
412130008,30,mg,24688611000001109
412130008,60,mg,17335711000001104
412130008,90,mg,7642111000001102
412130008,100,mg,4246011000001105
412130008,120,mg,7875411000001106
412130008,200,mg,14680911000001101
412130008,300,mg,17528411000001100
412267009,36,mg,9186811000001107
412267009,71.4,mg,15611511000001107
412351000,200,microgram,7719711000001105
412351000,200,microgram,10514211000001108
412351000,500,microgram,17428711000001101
412376004,25,mg,376771007
412376004,50,mg,376770008
412421007,500,mg,7661011000001100
412485000,10,mg,23985311000001106
412554007,200,mg,412555008
412554007,550,mg,445522003
413355004,10,mg,19484311000001107
413355004,10,mg,21873711000001101
413591007,100,mg,413593005
413591007,150,mg,413594004
413591007,200,mg,413595003
413591007,300,mg,424264002
413645006,500,mg,10446311000001106
413963008,10,mg,413957004
413963008,25,mg,413958009
413963008,25,mg,413959001
413963008,50,mg,413960006
413963008,75,mg,22780411000001107
414122006,25,mg,414126009
414122006,100,mg,414124007
414122006,150,mg,414125008
414148003,250,mg,373967008
414428000,1.3,mg,322665006
414428000,2,mg,36057411000001103
414428000,2.6,mg,322667003
414428000,4,mg,36057611000001100
414428000,8,mg,36057711000001109
414428000,16,mg,36057211000001102
414428000,24,mg,36057311000001105
414570008,1,g,39717911000001108
414570008,500,mg,414573005
414570008,750,mg,421183004
414984009,5,mg,322691007
414984009,5,mg,36131011000001107
414984009,5,mg,38752411000001107
414984009,10,mg,322692000
414984009,10,mg,36129511000001101
414984009,10,mg,38752211000001108
414984009,15,mg,36130211000001108
414984009,20,mg,322693005
414984009,20,mg,36130411000001107
414984009,20,mg,38752311000001100
414984009,30,mg,36130711000001101
414984009,40,mg,36130911000001104
414984009,60,mg,36131311000001105
414984009,80,mg,36131511000001104
414984009,120,mg,18645511000001107
415159003,25,mg,415164004
415159003,25,mg,38019911000001101
415159003,50,mg,415166002
415159003,50,mg,38020111000001103
415159003,75,mg,415167006
415159003,75,mg,38020211000001109
415159003,100,mg,415161007
415159003,100,mg,38019511000001108
415159003,150,mg,415162000
415159003,150,mg,38019611000001107
415159003,200,mg,415163005
415159003,200,mg,38019711000001103
415159003,225,mg,421070002
415159003,225,mg,38019811000001106
415159003,300,mg,415165003
415159003,300,mg,38020011000001104
416248007,1,mg,417232003
416248007,500,microgram,417515001
416385001,7.5,mg,38894211000001109
416385001,15,mg,38894111000001103
417910004,90,mg,33631511000001109
417910004,180,mg,33631311000001103
417910004,360,mg,33631411000001105
418027007,300,mg,418352003
418027007,400,mg,418855005
418246001,500,mg,7821011000001103
418520004,100,mg,20363411000001107
418520004,300,mg,20363511000001106
418528006,100,mg,317544000
418721002,250,mg,419994001
418834008,1,g,7876111000001107
418834008,500,mg,7660911000001108
418834008,500,mg,17335411000001105
419010007,1,mg,418125001
419158001,500,mg,7400611000001100
419332007,500,mg,10598211000001101
419458008,100,mg,7720611000001102
419521006,10,mg,8795811000001107
419521006,100,mg,8795711000001104
419521006,100,mg,17870811000001101
419521006,100,mg,30769011000001100
419521006,133,mg,25090811000001108
419521006,140,mg,10825511000001100
419521006,160,mg,8795911000001102
419521006,160,mg,21216311000001107
419521006,200,mg,8796011000001105
419521006,250,mg,8796111000001106
419521006,250,mg,36978911000001102
419521006,280,mg,36979011000001106
419521006,300,mg,8796211000001100
419521006,320,mg,27889011000001106
419521006,375,mg,34665411000001102
419521006,375,mg,35611411000001106
419521006,400,mg,8796311000001108
419521006,400,mg,16130811000001106
419521006,500,mg,8796411000001101
419521006,500,mg,20455511000001108
419530003,60,mg,326075007
419980002,500,mg,8800411000001103
420129007,500,mg,7661211000001105
420155008,500,mg,327701002
420282006,100,mg,24580911000001108
420304008,24,microgram,420819002
420306005,750,mg,317448000
420444000,50,mg,7721711000001103
420507002,1,mg,39707011000001106
420507002,500,microgram,39707111000001107
420581003,38,mg,8098411000001103
420624001,375,mg,15000811000001106
420624001,500,mg,15000911000001101
420624001,750,mg,15001011000001109
420672000,50,mg,7721611000001107
420672000,100,mg,33038311000001102
420672000,200,mg,7721511000001108
420681006,200,mg,420994005
420711005,15,mg,17280811000001102
420711005,30,mg,4349911000001107
420711005,50,mg,4289211000001101
420780004,100,mg,9843911000001106
420804003,333,mg,323342002
420874002,100,mg,3973511000001105
420874002,125,mg,4623711000001101
420874002,125,mg,4623811000001109
421052000,10,mg,31533811000001106
421052000,25,mg,31534011000001103
421052000,50,mg,31534111000001102
421052000,75,mg,31534511000001106
421052000,100,mg,31533711000001103
421196003,850,mg,27987411000001100
421279008,10,mg,317324005
421279008,20,mg,317325006
421353001,500,mg,5241611000001103
421381007,22,mg,7875311000001104
421392008,500,mg,376817006
421448007,12.5,mg,420897004
421448007,25,mg,420637003
421448007,50,mg,421398007
421451000,5,mg,30301111000001103
421552005,5,mg,39730811000001107
421552005,10,mg,39728011000001102
421552005,70,mg,39731311000001108
421592007,15,mg,326583009
421592007,30,mg,10655911000001104
421592007,45,mg,27810611000001108
421626005,25,mg,8800611000001100
421626005,100,mg,8800711000001109
421626005,500,mg,4289011000001106
421626005,500,mg,7876011000001106
421692002,2.5,mg,35308111000001104
421692002,5,mg,9831411000001101
421692002,7.5,mg,9831511000001102
421737001,2.5,mg,23344511000001104
421737001,5,mg,422330004
421737001,7.5,mg,29903811000001104
421737001,10,mg,420966002
421737001,15,mg,11762911000001102
421737001,20,mg,29903711000001107
421737001,25,mg,11763011000001105
421776000,100,mg,34963411000001102
421958003,360,mg,4859911000001108
422263009,200,mg,39705311000001101
422506000,100,mg,9865311000001100
422506000,400,mg,9865211000001108
422523009,100,mg,423454000
422528000,2,mg,22439611000001100
422528000,2.5,mg,7719811000001102
422528000,8,mg,27944311000001109
422589005,20,mg,10608011000001102
422756008,20,mg,424058002
422756008,50,mg,424254006
422756008,70,mg,425166003
422756008,80,mg,18470411000001103
422756008,100,mg,15410411000001101
422756008,140,mg,18470311000001105
423028001,80,mg,34167611000001105
423272009,50,mg,7876211000001101
423304007,200,mg,374441000
423440008,500,microgram,326421006
424071004,600,mg,422978008
424096001,75,mg,16246211000001105
424096001,150,mg,16246111000001104
424096001,300,mg,39686811000001105
424096001,400,mg,39690011000001101
424096001,600,mg,39690111000001100
424096001,800,mg,21890111000001103
424106006,25,mg,423962004
424106006,50,mg,424513004
424106006,100,mg,424345005
424369009,200,mg,7661511000001108
424675007,113,mg,9186911000001102
425466009,250,mg,39697211000001105
425483000,3,mg,11763211000001100
425483000,6,mg,11763311000001108
425483000,9,mg,11763411000001101
426163004,5,mg,318943004
426163004,10,mg,318944005
426163004,20,mg,318942009
426249000,20,mg,432411009
426249000,30,mg,426493003
426249000,40,mg,432677009
426249000,50,mg,426412009
426249000,60,mg,433011005
426249000,70,mg,426586000
426457000,100,mg,29685911000001108
426457000,200,mg,29686311000001102
426922009,300,mg,10931111000001104
427002003,150,mg,39731411000001101
427002003,300,mg,39731511000001102
427465009,40,mg,332181006
427465009,80,mg,332189008
427735003,5,mg,429662009
427735003,10,mg,428480001
427805000,25,mg,34908211000001108
427805000,75,mg,34908311000001100
427805000,150,mg,428594002
427805000,300,mg,429701009
427946009,250,mg,13411111000001108
427946009,500,mg,13411311000001105
428127005,2.5,mg,19744011000001106
428127005,5,mg,441726005
428127005,10,mg,441953000
428127005,250,microgram,447132004
428127005,500,microgram,446482007
428127005,750,microgram,446483002
428158006,45,mg,18519911000001101
428158006,150,mg,19947311000001108
428158006,150,mg,31719111000001108
428468009,50,mg,37171911000001109
428468009,150,mg,18468211000001109
428468009,200,mg,427962003
428712004,100,mg,11394311000001108
428807006,50,mg,13412911000001100
429346008,2,mg,39707911000001105
429346008,10,mg,39707711000001108
429346008,25,mg,39708111000001108
429368003,25,mg,22343211000001108
429368003,100,mg,22343111000001102
429368003,400,mg,1149431002
429368003,600,mg,34769911000001103
429398005,10,mg,32419811000001108
429398005,15,mg,32419911000001103
429398005,20,mg,32420011000001101
429507005,1,mg,21510211000001109
429507005,3,mg,24509011000001100
429507005,5,mg,21510311000001101
429507005,7,mg,24509111000001104
429802008,100,mg,12865211000001100
429802008,200,mg,441572007
429802008,400,mg,441822003
432221004,25,mg,22555811000001108
432221004,100,mg,433917006
432221004,200,mg,19946911000001106
432254002,4,mg,38894011000001104
432254002,8,mg,38893911000001102
432555000,50,mg,26585611000001102
432857000,10,mg,27988511000001102
432885003,50,mg,29768811000001101
432885003,100,mg,35514811000001103
432885003,150,mg,35514911000001108
438240001,267,mg,22343011000001103
438240001,267,mg,34625511000001107
438240001,801,mg,34625611000001106
441532003,50,mg,442041004
441532003,100,mg,441464008
441532003,150,mg,441947000
441532003,200,mg,441836008
441573002,400,mg,11358511000001104
441605002,4,mg,441644005
441605002,8,mg,441642009
441610003,80,mg,441623005
441610003,120,mg,17042711000001108
441671005,200,mg,11943711000001109
441818008,20,mg,14696611000001108
441821005,10,mg,39116611000001108
441821005,25,mg,27985711000001100
441821005,50,mg,27986111000001107
441821005,100,mg,12797811000001108
441851004,625,mg,376119006
441993002,100,mg,11105211000001106
441995009,12.5,mg,25370611000001103
441995009,25,mg,442045008
441995009,50,mg,441486009
441995009,75,mg,449131003
441997001,100,mg,17651511000001100
441997001,200,mg,17651611000001101
442004000,25,mg,39819711000001100
442004000,50,mg,442472008
442004000,50,mg,18672211000001103
442004000,75,mg,442341005
442004000,100,mg,18671811000001106
442004000,150,mg,18671911000001101
442004000,200,mg,18672011000001108
442004000,250,mg,18672111000001109
442539005,2.5,mg,27810711000001104
442539005,10,mg,14254711000001104
442539005,15,mg,19842111000001101
442539005,20,mg,19842211000001107
442542004,50,mg,27810211000001106
442901006,7.5,mg,36775711000001103
442901006,15,mg,442789004
442901006,30,mg,442918005
442901006,45,mg,31061011000001109
442901006,60,mg,31061211000001104
442901006,90,mg,31061411000001100
443066009,2.5,mg,39703811000001106
443066009,5,mg,39703911000001101
443149005,400,mg,30917211000001109
443310000,400,mg,39691711000001107
443312008,5,mg,39702911000001108
443312008,10,mg,39702811000001103
443764004,200,mg,39702011000001109
443764004,400,mg,39702111000001105
448917007,20,mg,20418711000001104
448917007,40,mg,1137333005
448917007,80,mg,1137623008
702952002,25,mg,15499111000001100
703353005,30,mg,35026211000001102
703372005,50,mg,33595411000001109
703372005,100,mg,18083411000001107
703580004,20,mg,39726011000001101
703580004,30,mg,39726211000001106
703580004,40,mg,39727811000001109
703580004,50,mg,23905211000001104
703586005,100,mg,39734111000001109
703586005,400,mg,35599711000001108
703586005,500,mg,39734211000001103
703638005,200,mg,703639002
703638005,250,mg,703640000
703646006,50,mg,703647002
703646006,75,mg,703648007
703656005,240,mg,20114011000001106
703662000,7.5,mg,32858711000001105
703662000,30,mg,32859811000001109
703665003,200,mg,703666002
703667006,5,mg,19525211000001103
703669009,6.25,mg,23637511000001104
703669009,12.5,mg,23637311000001105
703669009,25,mg,23637411000001103
703678003,5,mg,39689911000001109
703678003,10,mg,39689811000001104
703681008,100,mg,39734511000001100
703681008,300,mg,24104511000001103
703684000,40,mg,703685004
703684000,40,mg,37752511000001101
703686003,290,microgram,21994511000001107
703726009,2,mg,28422411000001100
703728005,2,mg,703729002
703728005,4,mg,703730007
703728005,6,mg,703732004
703728005,8,mg,703733009
703728005,10,mg,703734003
703728005,12,mg,703735002
703737005,5,mg,20293811000001102
703737005,30,mg,16102211000001103
703777002,25,mg,19842911000001103
703779004,5,mg,39703511000001108
703779004,10,mg,39703411000001109
703779004,15,mg,21290711000001107
703779004,20,mg,21290811000001104
703786007,7,mg,40558711000001100
703786007,14,mg,703788008
703790009,1,mg,703791008
703790009,2,mg,703792001
703790009,3,mg,703793006
703790009,4,mg,703794000
703798002,15,mg,703799005
703798002,30,mg,34819011000001103
703798002,45,mg,703800009
703804000,25,mg,38893411000001105
703804000,50,mg,38893511000001109
703808002,40,mg,703809005
703810000,20,mg,22155011000001108
703810000,61,mg,38659511000001105
703813003,150,mg,703814009
703824001,75,mg,39290011000001103
703824001,150,mg,703825000
703895009,10,mg,25290511000001101
703895009,25,mg,25290611000001102
703906002,2.5,mg,703907006
703906002,5,mg,703908001
703914008,200,mg,703915009
703957003,50,mg,703958008
703957003,100,mg,703959000
703957003,200,mg,703960005
703961009,200,mg,703962002
704310000,150,mg,30758811000001108
704310000,150,mg,38007711000001108
704316006,5,mg,39705411000001108
704316006,10,mg,35734311000001100
704316006,11,mg,38162311000001103
704464003,60,mg,32472211000001106
704464003,90,mg,704465002
704466001,375,mg,704467005
704476003,50,mg,704477007
704476003,100,mg,704478002
704476003,200,mg,704479005
704476003,300,mg,704480008
704476003,400,mg,704481007
709283009,100,mg,27946711000001104
709283009,150,mg,27947111000001102
713645002,400,mg,24581011000001100
713676008,10,mg,29944411000001105
713676008,50,mg,29944811000001107
713769006,150,mg,27988011000001105
714011004,84,mg,34669111000001109
714014007,30,mg,26941111000001108
714014007,60,mg,26941211000001102
714014007,90,mg,32899011000001107
714020008,250,mg,22223811000001102
714087008,100,mg,24565811000001107
714092005,50,mg,29862211000001101
714092005,100,mg,24682511000001108
714098009,50,mg,27800311000001101
714105004,250,mg,28789411000001105
714109005,4,mg,29889011000001101
714109005,10,mg,29888911000001105
714167009,150,mg,24611011000001106
714397006,120,mg,29863211000001107
714517006,250,mg,21248211000001108
714622001,20,mg,18759311000001105
714678000,1,mg,24645311000001104
714678000,5,mg,24645411000001106
714679008,100,mg,21496511000001104
714680006,250,microgram,35813111000001107
714680006,500,microgram,17674711000001106
714684002,10,mg,28789011000001101
714684002,20,mg,28789111000001100
714684002,30,mg,28789211000001106
714687009,15,mg,29903211000001100
714687009,30,mg,29903311000001108
714687009,60,mg,29903411000001101
714767001,10,mg,34185911000001107
714767001,25,mg,34186111000001103
714767001,50,mg,23946111000001105
714771003,150,mg,23984211000001104
714795001,85,mg,23984411000001100
714795001,150,mg,23984311000001107
715490004,1,mg,24408411000001105
715490004,1.5,mg,24408311000001103
715490004,2,mg,24408611000001108
715490004,2.5,mg,24408511000001109
715490004,500,microgram,24408711000001104
715545006,2,mg,25964511000001108
715545006,500,micrograms,31088511000001109
715555005,10,mg,23707811000001104
715585000,18.5,mg,26655311000001106
715585000,37,mg,26655411000001104
715585000,74,mg,26655511000001100
715598009,140,mg,28395011000001103
715598009,140,mg,37493411000001105
715598009,280,mg,37493511000001109
715598009,420,mg,37493611000001108
715598009,560,mg,37493711000001104
715613009,100,mg,28790211000001100
715613009,150,mg,28790311000001108
715615002,200,mg,34606611000001108
715615002,800,mg,16197411000001103
715640009,250,microgram,37236211000001108
715640009,500,microgram,18748011000001104
715741000,20,mg,31306611000001107
737682001,120,mg,317261003
763539004,200,mg,35819211000001104
763539004,250,mg,35819611000001102
763539004,300,mg,35820011000001105
763607001,1.5,mg,35853811000001105
763607001,3,mg,35853911000001100
763607001,4.5,mg,35854011000001102
763607001,6,mg,35854111000001101
72181000001101,10,mg,18037911000001103
72181000001101,20,mg,10424311000001103
230381000001108,250,mg,327104000
230381000001108,500,mg,327106003
230391000001105,5,mg,15535211000001105
230391000001105,500,mg,329475004
230391000001105,500,mg,20113911000001108
230581000001104,10,mg,329251001
230581000001104,10,mg,4245611000001108
230581000001104,20,mg,329252008
230581000001104,50,mg,329253003
230581000001104,100,mg,7722411000001104
230581000001104,100,mg,11589411000001101
9715011000001100,500,mg,8967211000001109
9715011000001100,500,mg,15160111000001106
9723911000001106,10,mg,320775009
9723911000001106,20,mg,348476002
9723911000001106,25,mg,320776005
9871311000001105,50,mg,329396005
9871311000001105,100,mg,4897511000001101
9871311000001105,200,mg,34819411000001107
9900511000001105,1,g,19743811000001103
9900511000001105,1.25,g,24450211000001103
9900511000001105,500,mg,4288211000001106
9900511000001105,500,mg,14780511000001101
9902111000001102,3,mg,7719211000001103
9902611000001105,500,mg,376817006
9902711000001101,840,mg,32638511000001107
10043411000001102,1,g,10141011000001102
10043411000001102,1,g,17280611000001101
10043411000001102,1,g,17528211000001104
10043411000001102,1.5,g,7904211000001107
10043411000001102,400,mg,4283311000001106
10043411000001102,500,mg,4283411000001104
10043411000001102,500,mg,4283511000001100
10043411000001102,550,mg,7597411000001108
10043411000001102,600,mg,4283611000001101
10043411000001102,675,mg,11563911000001108
10043411000001102,750,mg,9742711000001104
10043411000001102,750,mg,10561611000001109
10043811000001100,1,g,17429311000001106
10043811000001100,1.5,g,10893511000001108
10043811000001100,1.5,g,17335011000001101
10043811000001100,500,mg,15048211000001100
10043811000001100,500,mg,18298711000001103
10043811000001100,600,mg,9992611000001108
10043811000001100,625,mg,12185711000001101
10043811000001100,750,mg,10097111000001108
10043811000001100,750,mg,15361811000001103
10043811000001100,800,mg,17155811000001100
10049011000001109,100,mg,39107811000001107
10049011000001109,150,mg,11475111000001108
10049011000001109,200,mg,322956002
10049011000001109,200,mg,39108211000001105
10049011000001109,300,mg,11475211000001102
10049011000001109,300,mg,39108311000001102
10049011000001109,500,mg,322957006
10049011000001109,500,mg,39108411000001109
10071011000001106,10,microgram,8797611000001101
10071011000001106,12.5,microgram,8797711000001105
10071011000001106,12.5,microgram,33619711000001108
10071011000001106,15,microgram,8816711000001105
10071011000001106,25,microgram,39698211000001109
10071011000001106,25,microgram,39698311000001101
10071011000001106,50,microgram,39698511000001107
10071011000001106,50,microgram,39698611000001106
10071011000001106,75,microgram,39698811000001105
10071011000001106,75,microgram,39698911000001100
10071011000001106,100,microgram,39697811000001106
10071011000001106,100,microgram,39697911000001101
10071011000001106,150,microgram,39698111000001103
10071011000001106,175,microgram,36775111000001104
10071011000001106,200,microgram,8816811000001102
10071011000001106,225,microgram,36775211000001105
10071011000001106,375,microgram,36775311000001102
10565311000001102,100,mg,9055711000001109
10568711000001105,1,mg,3508711000001106
10604811000001100,500,mg,10604411000001102
10820011000001102,50,mg,10819611000001105
11254511000001103,500,mg,11254111000001107
11788811000001107,1.1277,g,13440111000001105
12867711000001101,5,mg,12867411000001107
12884311000001107,50,mg,27800211000001109
12884311000001107,400,mg,19821511000001104
12884311000001107,500,mg,16089511000001102
13292201000001107,250,mg,324316009
13292501000001105,500,mg,337375002
13293601000001103,250,mg,7902211000001103
13293601000001103,550,mg,7719611000001101
13293601000001103,750,mg,7902311000001106
13294001000001108,500,mg,319429006
13294001000001108,500,mg,7720311000001107
13294001000001108,750,mg,319430001
13294101000001109,1.5,mg,325560001
13294501000001104,20,mg,3439011000001103
13295601000001104,4.5,g,16646711000001100
13295901000001106,50,mg,7822611000001104
13295901000001106,50,mg,21580011000001101
13296001000001102,50,mg,10475011000001103
13296001000001102,100,mg,374449003
13296201000001108,120,mg,327243008
13296301000001104,500,mg,376817006
13296301000001104,840,mg,32638511000001107
13296501000001106,550,mg,7719511000001100
13297301000001101,375,mg,320935009
13297301000001101,750,mg,39417611000001109
13297701000001102,50,mg,329249000
13297701000001102,100,mg,10794911000001102
13297701000001102,100,mg,29670311000001109
13297701000001102,250,mg,4288711000001104
13297701000001102,250,mg,7903011000001104
13297701000001102,250,mg,38903811000001100
13297701000001102,500,mg,8801111000001102
13297701000001102,500,mg,16101611000001107
13298001000001103,1,mg,7720211000001104
13298001000001103,1,mg,33422411000001100
13298001000001103,2,mg,11490211000001100
13298001000001103,2,mg,29862911000001105
13298301000001100,400,mg,317315001
13314611000001107,1,mg,39692311000001104
13314611000001107,3,mg,39692411000001106
13314611000001107,500,microgram,39692511000001105
13314711000001103,1,mg,321412006
13314711000001103,2.5,mg,321413001
13314711000001103,5,mg,321414007
13568411000001103,75,mg,13532911000001104
13568411000001103,110,mg,13532811000001109
13568411000001103,150,mg,19469811000001101
13590911000001107,250,mg,324896003
13591011000001104,200,mg,353857000
13816311000001106,300,mg,324915004
13816411000001104,300,mg,21030411000001100
13816611000001101,200,mg,324919005
13816611000001101,300,mg,324920004
13868211000001103,20,mg,40389511000001108
13868511000001100,25,mg,322157007
14817911000001108,30,mg,14800211000001100
15238711000001100,20,mg,15243911000001109
15238711000001100,35,mg,20456111000001105
15465811000001106,250,mg,15474111000001108
15525511000001105,5,mg,15533411000001105
15525511000001105,5,mg,20740211000001107
15525511000001105,10,mg,20947911000001107
15525511000001105,20,mg,36595211000001102
15531411000001106,535,mg,19533211000001104
15859911000001104,10,mg,15859211000001108
16251011000001105,500,mg,16324411000001105
16599711000001108,25,mg,375534004
16599811000001100,1,mg,16604011000001101
16599811000001100,2,mg,16604111000001100
17009111000001108,30,mg,17013011000001106
17009111000001108,60,mg,17013111000001107
17309911000001105,62,mg,17313211000001100
19528811000001106,250,mg,19524511000001101
19528811000001106,500,mg,34155711000001100
19532711000001103,10,mg,22052211000001100
19532711000001103,20,mg,22052611000001103
19532711000001103,50,mg,19533411000001100
19532711000001103,50,mg,21367411000001108
19532711000001103,100,mg,26581411000001103
19678211000001104,5,mg,19677911000001107
19678211000001104,25,mg,30294611000001102
19724611000001101,40,mg,19725311000001105
19931711000001104,500,mg,29942111000001108
20439311000001104,25,mg,20455811000001106
21202711000001109,180,mg,21202011000001107
21269511000001107,181.5,mg,21268411000001100
22122611000001109,84,mg,22154511000001101
22209111000001100,2.5,mg,13454211000001109
22209111000001100,5,mg,13454411000001108
22209111000001100,10,mg,13454111000001103
22209211000001106,2.5,mg,21939911000001107
22209211000001106,5,mg,21940111000001100
22209211000001106,10,mg,21939811000001102
22404211000001106,18,mg,22403411000001107
22440011000001100,2,mg,22439611000001100
23557511000001107,1,g,23559711000001105
23592411000001102,5,mg,23604611000001102
23592411000001102,10,mg,23604411000001100
23592411000001102,20,mg,23604511000001101
23974411000001107,500,mg,4289011000001106
24056811000001108,30,mg,34697711000001104
24056811000001108,120,mg,24054811000001101
24056811000001108,120,mg,34697611000001108
24056811000001108,240,mg,24055011000001106
24256111000001106,3,mg,24351511000001102
24617211000001106,8,mg,24616811000001105
24617711000001104,125,mg,24617311000001103
27944711000001108,8,mg,27944311000001109
27945611000001103,1,g,27945211000001100
27987311000001107,20,mg,27986911000001105
28013211000001109,20,mg,28012311000001106
28013211000001109,20,mg,33630911000001109
28013211000001109,40,mg,33631011000001101
28013211000001109,60,mg,33657311000001105
28013211000001109,80,mg,28012511000001100
29024111000001106,50,mg,29095111000001104
29024111000001106,250,mg,29095011000001100
29175711000001102,10,mg,29174911000001104
29175711000001102,20,mg,29175311000001101
29176611000001101,2,mg,29175811000001105
29176611000001101,4,mg,29176211000001103
29597011000001105,40,mg,29669811000001102
29597011000001105,80,mg,29669911000001107
29684511000001102,1,mg,29684111000001106
29685511000001101,100,mg,29685011000001109
29691111000001107,350,microgram,29690711000001100
29692011000001103,15,mg,29691611000001104
29692611000001105,6,mg,29692211000001108
29693111000001108,60,mg,29692711000001101
30200311000001101,12.5,mg,30197011000001103
30200311000001101,25,mg,30197111000001102
30294511000001101,133,mg,30294111000001105
30295811000001102,125,mg,30295411000001104
30730111000001104,5,mg,30738811000001109
30730111000001104,10,mg,30738611000001105
30730111000001104,20,mg,30738711000001101
30934411000001109,123,mg,22099111000001108
30934411000001109,163,mg,22099211000001102
30934411000001109,204,mg,22099311000001105
31010011000001101,100,mg,31060911000001101
31718811000001108,50,mg,31718411000001106
31741811000001107,100,mg,31741411000001105
32509811000001104,20,mg,32509411000001101
32509811000001104,50,mg,32623811000001103
32684811000001105,50,mg,32696511000001102
32684811000001105,100,mg,32696411000001101
32704011000001105,40,mg,32704211000001100
32704011000001105,80,mg,32704311000001108
32966711000001108,1,mg,32965211000001107
32966711000001108,1.2,mg,32965611000001109
32966711000001108,1.4,mg,32966011000001106
32966711000001108,1.6,mg,32966411000001102
32966711000001108,200,microgram,32963211000001108
32966711000001108,400,microgram,32964011000001101
32966711000001108,600,microgram,32964411000001105
32966711000001108,800,microgram,32964811000001107
33474111000001103,4.5,mg,33470611000001104
33474111000001103,18,mg,33470511000001103
33495111000001109,50,mg,33495211000001103
33686611000001109,10,mg,33686211000001107
33686611000001109,50,mg,33686711000001100
33686611000001109,100,mg,33687111000001103
33722811000001109,75,mg,33734311000001109
33722811000001109,75,mg,39343911000001105
33722811000001109,100,mg,33734111000001107
33722811000001109,100,mg,39343711000001108
33722811000001109,125,mg,33734211000001101
33722811000001109,125,mg,39343811000001100
33768011000001109,300,mg,33767411000001104
34000511000001101,5,mg,34000711000001106
34000511000001101,10,mg,34001111000001104
34022811000001105,2.3,mg,34023311000001106
34022811000001105,3,mg,34023411000001104
34022811000001105,4,mg,34023511000001100
34215011000001109,150,mg,34235411000001108
34345911000001107,2,mg,34625211000001109
34345911000001107,4,mg,34346011000001104
34576311000001104,75,mg,34585411000001106
34576311000001104,100,mg,34585311000001104
34617311000001102,123,mg,34617411000001109
34624911000001104,90,mg,34625711000001102
34814911000001100,200,mg,34814111000001103
34846711000001100,250,mg,34846811000001108
34974411000001109,25,mg,34971911000001104
35018611000001105,100,mg,35018311000001100
35040611000001104,890,microgram,35750511000001103
35040611000001104,1340,microgram,35040811000001100
35378211000001101,25,mg,35385211000001102
35646311000001104,0.2,ml,14610211000001108
35646311000001104,0.2,ml,14610311000001100
35725011000001101,60,mg,35724911000001101
36196311000001105,50,mg,36237211000001109
36196311000001105,100,mg,36237011000001104
36196311000001105,150,mg,36237111000001103
36356611000001101,15,mg,36391411000001103
36356711000001105,50,mg,36392811000001105
36356711000001105,75,mg,36392911000001100
36408011000001105,20,mg,4556311000001104
36408011000001105,20,mg,39022211000001108
36408011000001105,40,mg,36050411000001102
36408011000001105,40,mg,36050511000001103
36408111000001106,25,mg,38898311000001106
36408111000001106,25,mg,39024211000001104
36408111000001106,30,mg,39832211000001109
36408111000001106,40,mg,39022011000001103
36408111000001106,40,mg,39022111000001102
36408111000001106,50,mg,38898211000001103
36408111000001106,50,mg,39024411000001100
36408111000001106,60,mg,39024111000001105
36408111000001106,60,mg,39024311000001107
36408211000001100,2.5,mg,4367711000001105
36408311000001108,5,mg,409108001
36408311000001108,5,mg,39832611000001106
36408311000001108,10,mg,408036003
36408311000001108,10,mg,39832311000001101
36408311000001108,20,mg,408037007
36408311000001108,20,mg,39832411000001108
36408311000001108,40,mg,408024009
36408311000001108,40,mg,39832511000001107
36408711000001107,100,mg,39025611000001101
36408911000001109,12.5,mg,14062911000001108
36409011000001100,10,mg,17369211000001102
36409011000001100,25,mg,36566511000001109
36409011000001100,75,mg,37084911000001107
36409011000001100,75,mg,39024511000001101
36409011000001100,100,mg,36563711000001106
36409011000001100,100,mg,37084611000001101
36410311000001109,20,mg,39712711000001109
36411211000001107,1,g,10064111000001100
36411611000001109,10,mg,36095311000001108
36412011000001105,96,mg,35113411000001106
36412011000001105,300,mg,17156311000001104
36412011000001105,385,mg,28366411000001100
36491911000001102,3,mg,38840211000001106
36491911000001102,7,mg,38840311000001103
36491911000001102,14,mg,38840111000001100
36526211000001102,5,mg,36529511000001109
36526211000001102,15,mg,36529411000001105
36594411000001104,30,mg,36595011000001107
36594411000001104,90,mg,36595111000001108
36594411000001104,180,mg,36594911000001107
36611011000001100,240,mg,36608711000001105
36792611000001105,60,mg,36786711000001103
36887911000001101,100,mg,36903711000001103
37248911000001101,15,mg,37247811000001107
37248911000001101,30,mg,37247911000001102
37248911000001101,45,mg,37248011000001100
37615911000001100,25,mg,37617911000001105
37615911000001100,100,mg,37617811000001100
37733411000001108,1,mg,37723111000001100
37733411000001108,250,microgram,37723211000001106
37751311000001103,25,mg,39389911000001103
37751311000001103,100,mg,39389711000001100
37816011000001102,200,microgram,37828811000001100
37873311000001102,40,mg,37867611000001105
37898211000001109,40,mg,37899311000001107
37930811000001108,3,mg,37948911000001102
38030311000001103,15,mg,38067611000001103
38030311000001103,30,mg,40087811000001102
38097211000001103,2,mg,38097011000001108
38097211000001103,250,microgram,38096911000001109
38606411000001106,300,mg,38617911000001102
38707511000001100,100,mg,38716511000001100
38707511000001100,150,mg,38716611000001101
38721611000001103,450,mg,38727011000001100
38723411000001102,250,mg,38727611000001107
38777011000001104,200,mg,38776411000001106
38882711000001106,100,mg,38903611000001104
38882711000001106,200,mg,38903711000001108
38924711000001103,50,mg,38931211000001106
38924711000001103,150,mg,38931011000001101
38924711000001103,200,mg,38931111000001100
38924911000001101,180,mg,38931511000001109
38925011000001101,25,mg,38931711000001104
38925011000001101,100,mg,38931611000001108
38925811000001107,75,mg,38932111000001105
38925811000001107,150,mg,38932011000001109
38994711000001108,100,mg,39002511000001104
39045411000001102,3,mg,39046611000001109
39046711000001100,100,mg,39046211000001107
39046711000001100,200,mg,39046311000001104
39076411000001107,100,mg,39077011000001100
39076411000001107,200,mg,39077111000001104
39076411000001107,300,mg,39077211000001105
39119311000001105,20,mg,39126811000001100
39127211000001104,20,mg,39133411000001105
39138711000001105,230,microgram,39149511000001105
39138711000001105,460,microgram,39149711000001100
39138711000001105,920,microgram,39149811000001108
39482711000001104,40,mg,39495711000001107
39482711000001104,80,mg,39495811000001104
39608711000001104,1,mg,39609011000001106
39608711000001104,5,mg,39609111000001107
39608711000001104,10,mg,39608911000001102
39807711000001105,100,mg,39818911000001106
39933711000001101,4.5,mg,39934411000001105
39933711000001101,9,mg,39934511000001109
39933711000001101,13.5,mg,39934311000001103
39976211000001104,2.5,mg,39992411000001107
39976211000001104,5,mg,39992511000001106
39976211000001104,10,mg,39992311000001100
40111311000001109,20,mg,40110711000001100
40111311000001109,50,mg,40110811000001108
40111311000001109,70,mg,40110911000001103
40111311000001109,100,mg,40110511000001105
40111311000001109,150,mg,40110611000001109
40125911000001101,10,mg,40163911000001105
40125911000001101,25,mg,40164011000001108
40156411000001104,30,mg,40163411000001102
40156511000001100,600,mg,40163711000001108
40164311000001106,50,mg,40163611000001104
40164311000001106,100,mg,40163011000001106
40164311000001106,200,mg,40163111000001107
40200511000001106,12.5,mg,40206311000001102
40200511000001106,25,mg,40206711000001103
40200511000001106,50,mg,40207211000001107
40200511000001106,100,mg,40206211000001105
40200511000001106,150,mg,40206511000001108
40200511000001106,200,mg,40206611000001107
40227711000001107,150,mg,40227811000001104
40230911000001106,50,mg,40235411000001105
40230911000001106,150,mg,40235311000001103
40238711000001106,120,mg,40241511000001105
40240711000001108,2,mg,40241211000001107
40240711000001108,3,mg,40241311000001104
40240711000001108,4,mg,40272311000001107
40240711000001108,5,mg,40272411000001100
40240711000001108,6,mg,40272511000001101
40240711000001108,7,mg,40272611000001102
40240711000001108,8,mg,40272711000001106
40240711000001108,9,mg,40272811000001103
40240711000001108,10,mg,40272211000001104
40240711000001108,20,mg,40241111000001101
40268611000001109,225,mg,40272911000001108
40277911000001105,200,mg,40261911000001107
40337911000001103,998,mg,40289911000001109
40338011000001101,40,mg,40289611000001103
40390111000001105,400,mg,40389711000001103
40487911000001103,231,mg,40491511000001103
40580211000001100,20,mg,40584911000001104
40580211000001100,40,mg,40585011000001104
40583711000001103,150,mg,40330011000001103
40634211000001108,10,mg,40634411000001107
40634211000001108,20,mg,40634511000001106
40634311000001100,40,mg,40634611000001105
